image_id,puzzle_id,sequence_id,dataset_name,module,condition,puzzle_type,trial_ids,input_kind,prompt_version,prompt_file,image_path,image_sha256,render_version,width,height
A24_0001_CAN,A24_0001_CAN,,main,main,canonical,arithmetic24,A24_0001_CAN,single,image_prompt_v1,collection/models/prompts/single_puzzle_image_prompt_v1.txt,collection/models/images/A24_0001_CAN.png,9c02504eaddcf67bf882714b456636b21d814cb2f1af768b33ee809a6bae3888,api_image_v9,1280,960
A24_0002_CAN,A24_0002_CAN,,main,main,canonical,arithmetic24,A24_0002_CAN,single,image_prompt_v1,collection/models/prompts/single_puzzle_image_prompt_v1.txt,collection/models/images/A24_0002_CAN.png,300d34e21fa25eb31a8c453f4922daad4c731fd7b19d17fb11cb365d72fb275a,api_image_v9,1280,960
A24_0003_CAN,A24_0003_CAN,,main,main,canonical,arithmetic24,A24_0003_CAN,single,image_prompt_v1,collection/models/prompts/single_puzzle_image_prompt_v1.txt,collection/models/images/A24_0003_CAN.png,8fa3c024e5463918ce28d487a18ba1d8b04644b6884d6dde7e96f0750e375abb,api_image_v9,1280,960
A24_0004_CAN,A24_0004_CAN,,main,main,canonical,arithmetic24,A24_0004_CAN,single,image_prompt_v1,collection/models/prompts/single_puzzle_image_prompt_v1.txt,collection/models/images/A24_0004_CAN.png,4e3fb2ea9c6bd9c459eb3fbf1e5134556d1ab57022b186fde3e76dde61a539fb,api_image_v9,1280,960
A24_0005_CAN,A24_0005_CAN,,main,main,canonical,arithmetic24,A24_0005_CAN,single,image_prompt_v1,collection/models/prompts/single_puzzle_image_prompt_v1.txt,collection/models/images/A24_0005_CAN.png,55489b05c3854de727e649487d99177fd22965a8851b56c2e281bac007c026ec,api_image_v9,1280,960
A24_0006_CAN,A24_0006_CAN,,main,main,canonical,arithmetic24,A24_0006_CAN,single,image_prompt_v1,collection/models/prompts/single_puzzle_image_prompt_v1.txt,collection/models/images/A24_0006_CAN.png,b5bb38ce83a82cb68a9a09ede2dc5b3ab68f4774f0dee48c5d4c6c5108124205,api_image_v9,1280,960
A24_0007_CAN,A24_0007_CAN,,main,main,canonical,arithmetic24,A24_0007_CAN,single,image_prompt_v1,collection/models/prompts/single_puzzle_image_prompt_v1.txt,collection/models/images/A24_0007_CAN.png,22e583db5992fccea31b2df7edf1af4778185c000a8737a0f14a2913e0cb4f50,api_image_v9,1280,960
A24_0008_CAN,A24_0008_CAN,,main,main,canonical,arithmetic24,A24_0008_CAN,single,image_prompt_v1,collection/models/prompts/single_puzzle_image_prompt_v1.txt,collection/models/images/A24_0008_CAN.png,9c45a6e304dc71941a9a8cd9a7858222c142d0b539cf549f5051818187e22ab6,api_image_v9,1280,960
A24_0009_CAN,A24_0009_CAN,,main,main,canonical,arithmetic24,A24_0009_CAN,single,image_prompt_v1,collection/models/prompts/single_puzzle_image_prompt_v1.txt,collection/models/images/A24_0009_CAN.png,48f12f2b3b90a4250171a7137a9854d76f9254da484f2fb5e52443e4989675a5,api_image_v9,1280,960
A24_0010_CAN,A24_0010_CAN,,main,main,canonical,arithmetic24,A24_0010_CAN,single,image_prompt_v1,collection/models/prompts/single_puzzle_image_prompt_v1.txt,collection/models/images/A24_0010_CAN.png,5bf40186a0a1d26889278baa35f7d7dec5519289cd9f88a524864ac0adaaf904,api_image_v9,1280,960
A24_0011_CAN,A24_0011_CAN,,main,main,canonical,arithmetic24,A24_0011_CAN,single,image_prompt_v1,collection/models/prompts/single_puzzle_image_prompt_v1.txt,collection/models/images/A24_0011_CAN.png,6d1e53525fdd0048cce739c86c962f35b377ac0d006644f039e7f5dc3ff782d8,api_image_v9,1280,960
A24_0012_CAN,A24_0012_CAN,,main,main,canonical,arithmetic24,A24_0012_CAN,single,image_prompt_v1,collection/models/prompts/single_puzzle_image_prompt_v1.txt,collection/models/images/A24_0012_CAN.png,4b7c415e0b9e48f48fabddd277ebe4a6650dfee7052aa02a9f86b7c9fc58e256,api_image_v9,1280,960
A24_0013_CAN,A24_0013_CAN,,main,main,canonical,arithmetic24,A24_0013_CAN,single,image_prompt_v1,collection/models/prompts/single_puzzle_image_prompt_v1.txt,collection/models/images/A24_0013_CAN.png,ddf03370c303134ac0f03b1ae1d02080dd5ac83e3f9370cbd6ec22e51a70c8ab,api_image_v9,1280,960
A24_0014_CAN,A24_0014_CAN,,main,main,canonical,arithmetic24,A24_0014_CAN,single,image_prompt_v1,collection/models/prompts/single_puzzle_image_prompt_v1.txt,collection/models/images/A24_0014_CAN.png,ed3adc24a682edcb2f13ff094d2124a2b9b2d8f3a76d2d8add7ef0c6071b1133,api_image_v9,1280,960
A24_0015_CAN,A24_0015_CAN,,main,main,canonical,arithmetic24,A24_0015_CAN,single,image_prompt_v1,collection/models/prompts/single_puzzle_image_prompt_v1.txt,collection/models/images/A24_0015_CAN.png,f02811728edf802c7d915fc757cfe9f6057bb061b733536eb3c5c2f1d18eb46c,api_image_v9,1280,960
A24_0016_CAN,A24_0016_CAN,,main,main,canonical,arithmetic24,A24_0016_CAN,single,image_prompt_v1,collection/models/prompts/single_puzzle_image_prompt_v1.txt,collection/models/images/A24_0016_CAN.png,a9997be5425dd8080f7ccad95a3e7f82105db6ac9e07206b6ba025fe8d516932,api_image_v9,1280,960
A24_0017_CAN,A24_0017_CAN,,main,main,canonical,arithmetic24,A24_0017_CAN,single,image_prompt_v1,collection/models/prompts/single_puzzle_image_prompt_v1.txt,collection/models/images/A24_0017_CAN.png,499faa7a9fd086e0d460b2991e939d7899fdc8da969aed2420674090aed125cd,api_image_v9,1280,960
A24_0018_CAN,A24_0018_CAN,,main,main,canonical,arithmetic24,A24_0018_CAN,single,image_prompt_v1,collection/models/prompts/single_puzzle_image_prompt_v1.txt,collection/models/images/A24_0018_CAN.png,af9be6fdddaf1da7ffc9664ca6c3e93900ced33aaa5bfd1c42523eab12ce6a9d,api_image_v9,1280,960
A24_0019_CAN,A24_0019_CAN,,main,main,canonical,arithmetic24,A24_0019_CAN,single,image_prompt_v1,collection/models/prompts/single_puzzle_image_prompt_v1.txt,collection/models/images/A24_0019_CAN.png,f985265475b5e96feb635428cf3f43916dd095dfab85dfdadeb531d58d76a86b,api_image_v9,1280,960
A24_0020_CAN,A24_0020_CAN,,main,main,canonical,arithmetic24,A24_0020_CAN,single,image_prompt_v1,collection/models/prompts/single_puzzle_image_prompt_v1.txt,collection/models/images/A24_0020_CAN.png,cfe9e87b5137f2796c94c629da090430a554564f0677fa6cb974d5ed87e36ff7,api_image_v9,1280,960
MZ_0001_CAN,MZ_0001_CAN,,main,main,canonical,maze,MZ_0001_CAN,single,image_prompt_v1,collection/models/prompts/single_puzzle_image_prompt_v1.txt,collection/models/images/MZ_0001_CAN.png,5c1640c43974478e12612405b43c4144494fda5574371508a6afb2c8f094eadb,api_image_v9,1280,960
MZ_0002_CAN,MZ_0002_CAN,,main,main,canonical,maze,MZ_0002_CAN,single,image_prompt_v1,collection/models/prompts/single_puzzle_image_prompt_v1.txt,collection/models/images/MZ_0002_CAN.png,9dd5e5de20cdf6be38cad45722588f8c570389cf42075175a5a302a1c0ad6567,api_image_v9,1280,960
MZ_0003_CAN,MZ_0003_CAN,,main,main,canonical,maze,MZ_0003_CAN,single,image_prompt_v1,collection/models/prompts/single_puzzle_image_prompt_v1.txt,collection/models/images/MZ_0003_CAN.png,23ed61f9327c3898121428f1b250f442ec5223676a42d80460a5f661c39f5454,api_image_v9,1280,960
MZ_0004_CAN,MZ_0004_CAN,,main,main,canonical,maze,MZ_0004_CAN,single,image_prompt_v1,collection/models/prompts/single_puzzle_image_prompt_v1.txt,collection/models/images/MZ_0004_CAN.png,9966b90bf5df394733c5a9e34512e96b022421f496a1bc7bd6031da63cec5bb7,api_image_v9,1280,960
MZ_0005_CAN,MZ_0005_CAN,,main,main,canonical,maze,MZ_0005_CAN,single,image_prompt_v1,collection/models/prompts/single_puzzle_image_prompt_v1.txt,collection/models/images/MZ_0005_CAN.png,4ce261d2554121b001b10f909c83f5396439818451b0b771bea7f0617a3f2215,api_image_v9,1280,960
MZ_0006_CAN,MZ_0006_CAN,,main,main,canonical,maze,MZ_0006_CAN,single,image_prompt_v1,collection/models/prompts/single_puzzle_image_prompt_v1.txt,collection/models/images/MZ_0006_CAN.png,37d09be81ce31942e9e63072241917590a84883dd8b1ed05e4879d21cf22b1f8,api_image_v9,1280,960
MZ_0007_CAN,MZ_0007_CAN,,main,main,canonical,maze,MZ_0007_CAN,single,image_prompt_v1,collection/models/prompts/single_puzzle_image_prompt_v1.txt,collection/models/images/MZ_0007_CAN.png,69c07f83e9a1c63f7dea7991b7fc2f0a8d3178d709c75ffdfc824b48aea3b458,api_image_v9,1280,960
MZ_0008_CAN,MZ_0008_CAN,,main,main,canonical,maze,MZ_0008_CAN,single,image_prompt_v1,collection/models/prompts/single_puzzle_image_prompt_v1.txt,collection/models/images/MZ_0008_CAN.png,aeda62268e2d07ebdb4dd9e89ac8959fed767525c9706a45eaa1dff37bde39f8,api_image_v9,1280,960
MZ_0009_CAN,MZ_0009_CAN,,main,main,canonical,maze,MZ_0009_CAN,single,image_prompt_v1,collection/models/prompts/single_puzzle_image_prompt_v1.txt,collection/models/images/MZ_0009_CAN.png,f97d07afa646401f21ced7d801c4010e8b22e96384b59a00b4a8f51db1639304,api_image_v9,1280,960
MZ_0010_CAN,MZ_0010_CAN,,main,main,canonical,maze,MZ_0010_CAN,single,image_prompt_v1,collection/models/prompts/single_puzzle_image_prompt_v1.txt,collection/models/images/MZ_0010_CAN.png,0d2431801501e74db1c1e80bbca018a4a58bba1ce81d655a0c8ae51afcbe3b67,api_image_v9,1280,960
MZ_0011_CAN,MZ_0011_CAN,,main,main,canonical,maze,MZ_0011_CAN,single,image_prompt_v1,collection/models/prompts/single_puzzle_image_prompt_v1.txt,collection/models/images/MZ_0011_CAN.png,168a09cea50073f00b5ccd9a116c87fb59c84e05ff1b85dcf2d34528a71ebd6c,api_image_v9,1280,960
MZ_0012_CAN,MZ_0012_CAN,,main,main,canonical,maze,MZ_0012_CAN,single,image_prompt_v1,collection/models/prompts/single_puzzle_image_prompt_v1.txt,collection/models/images/MZ_0012_CAN.png,f8cea6507196a8a1a8045843b96c4fb530ef132862ede05a98b7d06a8953cc59,api_image_v9,1280,960
MZ_0013_CAN,MZ_0013_CAN,,main,main,canonical,maze,MZ_0013_CAN,single,image_prompt_v1,collection/models/prompts/single_puzzle_image_prompt_v1.txt,collection/models/images/MZ_0013_CAN.png,6d18ef7891e3711eed8175d8d031bb9f2dc14b7eceeca3c4a6cc4547b2f59c92,api_image_v9,1280,960
MZ_0014_CAN,MZ_0014_CAN,,main,main,canonical,maze,MZ_0014_CAN,single,image_prompt_v1,collection/models/prompts/single_puzzle_image_prompt_v1.txt,collection/models/images/MZ_0014_CAN.png,de6c0bb4f354e7830da6fb3d8d10bb3aa59980788f768eaa776a88e40087fdf2,api_image_v9,1280,960
MZ_0015_CAN,MZ_0015_CAN,,main,main,canonical,maze,MZ_0015_CAN,single,image_prompt_v1,collection/models/prompts/single_puzzle_image_prompt_v1.txt,collection/models/images/MZ_0015_CAN.png,91c77c641f98bf12815d269108fe3e843fa208d244711f54ed4a5c59f2f29c29,api_image_v9,1280,960
MZ_0016_CAN,MZ_0016_CAN,,main,main,canonical,maze,MZ_0016_CAN,single,image_prompt_v1,collection/models/prompts/single_puzzle_image_prompt_v1.txt,collection/models/images/MZ_0016_CAN.png,cf5eabe41050312a5a85337e1c8d7e98c0684b113df22541bd01575677d247c1,api_image_v9,1280,960
MZ_0017_CAN,MZ_0017_CAN,,main,main,canonical,maze,MZ_0017_CAN,single,image_prompt_v1,collection/models/prompts/single_puzzle_image_prompt_v1.txt,collection/models/images/MZ_0017_CAN.png,1e59035b625f7d1625552d4bf0c9a74694355e96a6a78b011d8345568880b643,api_image_v9,1280,960
MZ_0018_CAN,MZ_0018_CAN,,main,main,canonical,maze,MZ_0018_CAN,single,image_prompt_v1,collection/models/prompts/single_puzzle_image_prompt_v1.txt,collection/models/images/MZ_0018_CAN.png,036b510c6b803ade753dae9ad56ecac3adc808b3fc7b448b75ea42527eca8978,api_image_v9,1280,960
MZ_0019_CAN,MZ_0019_CAN,,main,main,canonical,maze,MZ_0019_CAN,single,image_prompt_v1,collection/models/prompts/single_puzzle_image_prompt_v1.txt,collection/models/images/MZ_0019_CAN.png,fc168bd8332cb487246cb630ec73d957dc2253709035affb0353ce563fcca7c1,api_image_v9,1280,960
MZ_0020_CAN,MZ_0020_CAN,,main,main,canonical,maze,MZ_0020_CAN,single,image_prompt_v1,collection/models/prompts/single_puzzle_image_prompt_v1.txt,collection/models/images/MZ_0020_CAN.png,ba0512359a13f898ac5999a0e5f4b7b3d32bdcc62e40c47bf1e11af31060d740,api_image_v9,1280,960
GP_0001_CAN,GP_0001_CAN,,main,main,canonical,grid_placement,GP_0001_CAN,single,image_prompt_v1,collection/models/prompts/single_puzzle_image_prompt_v1.txt,collection/models/images/GP_0001_CAN.png,67ef2a555f5e808ce3dadd80f88c0eb18f841197478893b58135fe463ec4ded7,api_image_v9,1280,960
GP_0002_CAN,GP_0002_CAN,,main,main,canonical,grid_placement,GP_0002_CAN,single,image_prompt_v1,collection/models/prompts/single_puzzle_image_prompt_v1.txt,collection/models/images/GP_0002_CAN.png,017fda7a9287f4709ca6d79f31b121536425b867cc8ee41d31fd04264952f0d8,api_image_v9,1280,960
GP_0003_CAN,GP_0003_CAN,,main,main,canonical,grid_placement,GP_0003_CAN,single,image_prompt_v1,collection/models/prompts/single_puzzle_image_prompt_v1.txt,collection/models/images/GP_0003_CAN.png,dac1d0addeac653af19f631165fcc134b5423c18f3729344e3353f7767e7bd0d,api_image_v9,1280,960
GP_0004_CAN,GP_0004_CAN,,main,main,canonical,grid_placement,GP_0004_CAN,single,image_prompt_v1,collection/models/prompts/single_puzzle_image_prompt_v1.txt,collection/models/images/GP_0004_CAN.png,dfd029c4bd196c2de1717516d22b3525d74c8c88e0efba808c19fb040edb91e8,api_image_v9,1280,960
GP_0005_CAN,GP_0005_CAN,,main,main,canonical,grid_placement,GP_0005_CAN,single,image_prompt_v1,collection/models/prompts/single_puzzle_image_prompt_v1.txt,collection/models/images/GP_0005_CAN.png,7bc0fc8da232ee537ee9163c3ea2ddf54fba9966477ed378c7352e905d2da73a,api_image_v9,1280,960
GP_0006_CAN,GP_0006_CAN,,main,main,canonical,grid_placement,GP_0006_CAN,single,image_prompt_v1,collection/models/prompts/single_puzzle_image_prompt_v1.txt,collection/models/images/GP_0006_CAN.png,ab3ee99ed2bd5909467d83ec66ff7ce5b2af129bb8be73ef262b19eec7f5b115,api_image_v9,1280,960
GP_0007_CAN,GP_0007_CAN,,main,main,canonical,grid_placement,GP_0007_CAN,single,image_prompt_v1,collection/models/prompts/single_puzzle_image_prompt_v1.txt,collection/models/images/GP_0007_CAN.png,8735572afac19959954a0b411cae61c1fd8b1d704ac850fa94b78a8dad092d10,api_image_v9,1280,960
GP_0008_CAN,GP_0008_CAN,,main,main,canonical,grid_placement,GP_0008_CAN,single,image_prompt_v1,collection/models/prompts/single_puzzle_image_prompt_v1.txt,collection/models/images/GP_0008_CAN.png,22af653c56b4f5de94ca3f586b0982bc8876e568364cc5bc85f091d0ea91c52e,api_image_v9,1280,960
GP_0009_CAN,GP_0009_CAN,,main,main,canonical,grid_placement,GP_0009_CAN,single,image_prompt_v1,collection/models/prompts/single_puzzle_image_prompt_v1.txt,collection/models/images/GP_0009_CAN.png,e755caa895ae3c2de44daec7ec60d7a6cbc985158946125fff17115249c14e82,api_image_v9,1280,960
GP_0010_CAN,GP_0010_CAN,,main,main,canonical,grid_placement,GP_0010_CAN,single,image_prompt_v1,collection/models/prompts/single_puzzle_image_prompt_v1.txt,collection/models/images/GP_0010_CAN.png,35b7c4c79102233872577fea841b5febffd92d4eaafa5a2a035fa36ef9ec88f1,api_image_v9,1280,960
GP_0011_CAN,GP_0011_CAN,,main,main,canonical,grid_placement,GP_0011_CAN,single,image_prompt_v1,collection/models/prompts/single_puzzle_image_prompt_v1.txt,collection/models/images/GP_0011_CAN.png,f756476ccab7ebcd8fa54cc37dcd80e428e04c6ad7211ed8d3a0a79e17288774,api_image_v9,1280,960
GP_0012_CAN,GP_0012_CAN,,main,main,canonical,grid_placement,GP_0012_CAN,single,image_prompt_v1,collection/models/prompts/single_puzzle_image_prompt_v1.txt,collection/models/images/GP_0012_CAN.png,5692c70132ac28955a83ff8bb45dc7c96f84bdcaddd19740848e8907c247b5ae,api_image_v9,1280,960
GP_0013_CAN,GP_0013_CAN,,main,main,canonical,grid_placement,GP_0013_CAN,single,image_prompt_v1,collection/models/prompts/single_puzzle_image_prompt_v1.txt,collection/models/images/GP_0013_CAN.png,bc63e68ba4678bf6f2d6f843801b457a9f17d060d8348245ea3109eb46f73ca8,api_image_v9,1280,960
GP_0014_CAN,GP_0014_CAN,,main,main,canonical,grid_placement,GP_0014_CAN,single,image_prompt_v1,collection/models/prompts/single_puzzle_image_prompt_v1.txt,collection/models/images/GP_0014_CAN.png,0eed3ac0bd589612ede189962be2ed25489858340991669ddc2414e2066a6cc8,api_image_v9,1280,960
GP_0015_CAN,GP_0015_CAN,,main,main,canonical,grid_placement,GP_0015_CAN,single,image_prompt_v1,collection/models/prompts/single_puzzle_image_prompt_v1.txt,collection/models/images/GP_0015_CAN.png,94a93628dd02002fb3024972d2b6d16b2a2a18db9ecfb5409b8975968bad82aa,api_image_v9,1280,960
GP_0016_CAN,GP_0016_CAN,,main,main,canonical,grid_placement,GP_0016_CAN,single,image_prompt_v1,collection/models/prompts/single_puzzle_image_prompt_v1.txt,collection/models/images/GP_0016_CAN.png,868a03c808a4350ad332a9ea672e0a88fa81b50d1997d1d3cc0db0719f903bff,api_image_v9,1280,960
GP_0017_CAN,GP_0017_CAN,,main,main,canonical,grid_placement,GP_0017_CAN,single,image_prompt_v1,collection/models/prompts/single_puzzle_image_prompt_v1.txt,collection/models/images/GP_0017_CAN.png,e5478b5e1d6bda00771d4d9c831c5b94360e8a6819e2394a4edc92d049f7f205,api_image_v9,1280,960
GP_0018_CAN,GP_0018_CAN,,main,main,canonical,grid_placement,GP_0018_CAN,single,image_prompt_v1,collection/models/prompts/single_puzzle_image_prompt_v1.txt,collection/models/images/GP_0018_CAN.png,1704b6ccc3c2f6d51319306ca2a0abce8b5030ef02446a418737cf178823ac3c,api_image_v9,1280,960
GP_0019_CAN,GP_0019_CAN,,main,main,canonical,grid_placement,GP_0019_CAN,single,image_prompt_v1,collection/models/prompts/single_puzzle_image_prompt_v1.txt,collection/models/images/GP_0019_CAN.png,c240303413302990fd88f4c7c73641fcfed621168d83b039ee0a12192b5972e7,api_image_v9,1280,960
GP_0020_CAN,GP_0020_CAN,,main,main,canonical,grid_placement,GP_0020_CAN,single,image_prompt_v1,collection/models/prompts/single_puzzle_image_prompt_v1.txt,collection/models/images/GP_0020_CAN.png,3acbfd677e9cf93c963f6b9d7f3bd43c8a6fdf70a09a6a5ef58bd0d569c49c95,api_image_v9,1280,960
MS_0001_CAN,MS_0001_CAN,,main,main,canonical,minesweeper_lite,MS_0001_CAN,single,image_prompt_v1,collection/models/prompts/single_puzzle_image_prompt_v1.txt,collection/models/images/MS_0001_CAN.png,3296b3f08a775e0551b6a5dc094e0c339682e19c559bd551a93d992d92d4ffb6,api_image_v9,1280,960
MS_0002_CAN,MS_0002_CAN,,main,main,canonical,minesweeper_lite,MS_0002_CAN,single,image_prompt_v1,collection/models/prompts/single_puzzle_image_prompt_v1.txt,collection/models/images/MS_0002_CAN.png,084d5bf99b8dc70a3fc940f6a6fd884930c33f2f1b5067045f6f7abe87177044,api_image_v9,1280,960
MS_0003_CAN,MS_0003_CAN,,main,main,canonical,minesweeper_lite,MS_0003_CAN,single,image_prompt_v1,collection/models/prompts/single_puzzle_image_prompt_v1.txt,collection/models/images/MS_0003_CAN.png,6dce0756a3aa8626a46e26d18cfc17a0f86514f1066f1d51ab605fcf66fce79e,api_image_v9,1280,960
MS_0004_CAN,MS_0004_CAN,,main,main,canonical,minesweeper_lite,MS_0004_CAN,single,image_prompt_v1,collection/models/prompts/single_puzzle_image_prompt_v1.txt,collection/models/images/MS_0004_CAN.png,2d8a3b5df88e677d96d37a641e8431760919e1f3c0755037006fb147d47be090,api_image_v9,1280,960
MS_0005_CAN,MS_0005_CAN,,main,main,canonical,minesweeper_lite,MS_0005_CAN,single,image_prompt_v1,collection/models/prompts/single_puzzle_image_prompt_v1.txt,collection/models/images/MS_0005_CAN.png,62b686cdeb37daca40ce4e4fdd1c9f25ed6db74f97d33aa30026b5284a271982,api_image_v9,1280,960
MS_0006_CAN,MS_0006_CAN,,main,main,canonical,minesweeper_lite,MS_0006_CAN,single,image_prompt_v1,collection/models/prompts/single_puzzle_image_prompt_v1.txt,collection/models/images/MS_0006_CAN.png,a131ae9c37134964952dea50e06f0d97b92ced3a1bc5de1729adc2f06e448cf9,api_image_v9,1280,960
MS_0007_CAN,MS_0007_CAN,,main,main,canonical,minesweeper_lite,MS_0007_CAN,single,image_prompt_v1,collection/models/prompts/single_puzzle_image_prompt_v1.txt,collection/models/images/MS_0007_CAN.png,a6216d767db62d82955ce2c8f362731ec2c9e0a8316931c1a9e9636e6993b0dd,api_image_v9,1280,960
MS_0008_CAN,MS_0008_CAN,,main,main,canonical,minesweeper_lite,MS_0008_CAN,single,image_prompt_v1,collection/models/prompts/single_puzzle_image_prompt_v1.txt,collection/models/images/MS_0008_CAN.png,1eedaead685b448935bf30e9f0c3f736beb8ed2e0514880c2e5b0723089527eb,api_image_v9,1280,960
MS_0009_CAN,MS_0009_CAN,,main,main,canonical,minesweeper_lite,MS_0009_CAN,single,image_prompt_v1,collection/models/prompts/single_puzzle_image_prompt_v1.txt,collection/models/images/MS_0009_CAN.png,8d17dcbf59b3429fcbc7a906b7d9ed1e0e5cc1035d1c794a741aa6df34fcc8a3,api_image_v9,1280,960
MS_0010_CAN,MS_0010_CAN,,main,main,canonical,minesweeper_lite,MS_0010_CAN,single,image_prompt_v1,collection/models/prompts/single_puzzle_image_prompt_v1.txt,collection/models/images/MS_0010_CAN.png,4d4e75ceeedf01430dccbd91133c929d42028c6847e94066e509138a051a9cb6,api_image_v9,1280,960
MS_0011_CAN,MS_0011_CAN,,main,main,canonical,minesweeper_lite,MS_0011_CAN,single,image_prompt_v1,collection/models/prompts/single_puzzle_image_prompt_v1.txt,collection/models/images/MS_0011_CAN.png,399defa0037effbacade88ed99206d58537c304ff6899729d82213efd084fc32,api_image_v9,1280,960
MS_0012_CAN,MS_0012_CAN,,main,main,canonical,minesweeper_lite,MS_0012_CAN,single,image_prompt_v1,collection/models/prompts/single_puzzle_image_prompt_v1.txt,collection/models/images/MS_0012_CAN.png,6f8eea7220d6e3a03c7493a3eda8f6b68ea8234311ab367380110246d724abdf,api_image_v9,1280,960
MS_0013_CAN,MS_0013_CAN,,main,main,canonical,minesweeper_lite,MS_0013_CAN,single,image_prompt_v1,collection/models/prompts/single_puzzle_image_prompt_v1.txt,collection/models/images/MS_0013_CAN.png,3361ef783455acd50d0cfc9b3e0c3ad0623fc4536d9828c330d8292aea357db0,api_image_v9,1280,960
MS_0014_CAN,MS_0014_CAN,,main,main,canonical,minesweeper_lite,MS_0014_CAN,single,image_prompt_v1,collection/models/prompts/single_puzzle_image_prompt_v1.txt,collection/models/images/MS_0014_CAN.png,d6cb1b680d0e0dcc613ad8d80b87be9d4c93c83b956e5301370eb3d8ed8d7516,api_image_v9,1280,960
MS_0015_CAN,MS_0015_CAN,,main,main,canonical,minesweeper_lite,MS_0015_CAN,single,image_prompt_v1,collection/models/prompts/single_puzzle_image_prompt_v1.txt,collection/models/images/MS_0015_CAN.png,0ac0254e412aebfa199b63cb316b5bca4279d20e3e35119a54d240c945439637,api_image_v9,1280,960
MS_0016_CAN,MS_0016_CAN,,main,main,canonical,minesweeper_lite,MS_0016_CAN,single,image_prompt_v1,collection/models/prompts/single_puzzle_image_prompt_v1.txt,collection/models/images/MS_0016_CAN.png,63bde6bf08b38551bef7807a02297e1358127cd8d97a83f66fe41c9e530a629b,api_image_v9,1280,960
MS_0017_CAN,MS_0017_CAN,,main,main,canonical,minesweeper_lite,MS_0017_CAN,single,image_prompt_v1,collection/models/prompts/single_puzzle_image_prompt_v1.txt,collection/models/images/MS_0017_CAN.png,7b33339c6be4cbbe67157a2db6f2da4dd1010092449e1bb3383f85dc5699da48,api_image_v9,1280,960
MS_0018_CAN,MS_0018_CAN,,main,main,canonical,minesweeper_lite,MS_0018_CAN,single,image_prompt_v1,collection/models/prompts/single_puzzle_image_prompt_v1.txt,collection/models/images/MS_0018_CAN.png,581456b268be566b7ccc6dd7a6c64fd481dd3d7366f7474a83bce5619732e18c,api_image_v9,1280,960
MS_0019_CAN,MS_0019_CAN,,main,main,canonical,minesweeper_lite,MS_0019_CAN,single,image_prompt_v1,collection/models/prompts/single_puzzle_image_prompt_v1.txt,collection/models/images/MS_0019_CAN.png,0b3161e588646fffc4a2ec181b1e4ac482fc3f3f75914a0768f0736127ec25d3,api_image_v9,1280,960
MS_0020_CAN,MS_0020_CAN,,main,main,canonical,minesweeper_lite,MS_0020_CAN,single,image_prompt_v1,collection/models/prompts/single_puzzle_image_prompt_v1.txt,collection/models/images/MS_0020_CAN.png,460a1191d718405bb1485be377fecdccbc42d4bec95d2b1c8ccae0a7c1e9527e,api_image_v9,1280,960
SUD_0001_CAN,SUD_0001_CAN,,main,main,canonical,mini_sudoku,SUD_0001_CAN,single,image_prompt_v1,collection/models/prompts/single_puzzle_image_prompt_v1.txt,collection/models/images/SUD_0001_CAN.png,af713275041fc0b8433f4ce26797ce173d633ad49f3bcefe0800dc6767229ef3,api_image_v9,1280,960
SUD_0002_CAN,SUD_0002_CAN,,main,main,canonical,mini_sudoku,SUD_0002_CAN,single,image_prompt_v1,collection/models/prompts/single_puzzle_image_prompt_v1.txt,collection/models/images/SUD_0002_CAN.png,39f533f81550e210af79545cc486b44df6487a2248b58da60337e50f34238106,api_image_v9,1280,960
SUD_0003_CAN,SUD_0003_CAN,,main,main,canonical,mini_sudoku,SUD_0003_CAN,single,image_prompt_v1,collection/models/prompts/single_puzzle_image_prompt_v1.txt,collection/models/images/SUD_0003_CAN.png,f5fffb57f34da34dc9b2c02c494454c8698920c0cf9729e847a06d6c83797194,api_image_v9,1280,960
SUD_0004_CAN,SUD_0004_CAN,,main,main,canonical,mini_sudoku,SUD_0004_CAN,single,image_prompt_v1,collection/models/prompts/single_puzzle_image_prompt_v1.txt,collection/models/images/SUD_0004_CAN.png,a8e7b1c93d6e3063973c9d331f51cfa2e89c8768b5f00491476e8cb8364d17b3,api_image_v9,1280,960
SUD_0005_CAN,SUD_0005_CAN,,main,main,canonical,mini_sudoku,SUD_0005_CAN,single,image_prompt_v1,collection/models/prompts/single_puzzle_image_prompt_v1.txt,collection/models/images/SUD_0005_CAN.png,5db1b9a133d6f8380966f471fe2db7b344b946c21c2b6cd8abe0bfe783d04794,api_image_v9,1280,960
SUD_0006_CAN,SUD_0006_CAN,,main,main,canonical,mini_sudoku,SUD_0006_CAN,single,image_prompt_v1,collection/models/prompts/single_puzzle_image_prompt_v1.txt,collection/models/images/SUD_0006_CAN.png,1abe85a27f9d39992b5b33a8a39f14630cde366249426f47fe3934cddab71ef4,api_image_v9,1280,960
SUD_0007_CAN,SUD_0007_CAN,,main,main,canonical,mini_sudoku,SUD_0007_CAN,single,image_prompt_v1,collection/models/prompts/single_puzzle_image_prompt_v1.txt,collection/models/images/SUD_0007_CAN.png,3ba0ead9a4969409e0cd7ff60971f4aff63ba23b8b3763c8d2cfc612c13ac846,api_image_v9,1280,960
SUD_0008_CAN,SUD_0008_CAN,,main,main,canonical,mini_sudoku,SUD_0008_CAN,single,image_prompt_v1,collection/models/prompts/single_puzzle_image_prompt_v1.txt,collection/models/images/SUD_0008_CAN.png,34dc9538fd4a2aba430f02e7d1e350ab7c066a87046e8177a049ca89efaf3824,api_image_v9,1280,960
SUD_0009_CAN,SUD_0009_CAN,,main,main,canonical,mini_sudoku,SUD_0009_CAN,single,image_prompt_v1,collection/models/prompts/single_puzzle_image_prompt_v1.txt,collection/models/images/SUD_0009_CAN.png,79cc4d11b86f8636868f779aef5acb6f3e0da797e19babdfb1c7c896ea8ca545,api_image_v9,1280,960
SUD_0010_CAN,SUD_0010_CAN,,main,main,canonical,mini_sudoku,SUD_0010_CAN,single,image_prompt_v1,collection/models/prompts/single_puzzle_image_prompt_v1.txt,collection/models/images/SUD_0010_CAN.png,9d0fdb7d162e7a853593cef503a223ec507dfb167c40001fc833e7b9278aa5eb,api_image_v9,1280,960
SUD_0011_CAN,SUD_0011_CAN,,main,main,canonical,mini_sudoku,SUD_0011_CAN,single,image_prompt_v1,collection/models/prompts/single_puzzle_image_prompt_v1.txt,collection/models/images/SUD_0011_CAN.png,54b876f444cae83ee71b607cece3f4253818ceb65059be1e5e3a315bf3d9ca29,api_image_v9,1280,960
SUD_0012_CAN,SUD_0012_CAN,,main,main,canonical,mini_sudoku,SUD_0012_CAN,single,image_prompt_v1,collection/models/prompts/single_puzzle_image_prompt_v1.txt,collection/models/images/SUD_0012_CAN.png,d9758a79bc614e6f431014f77906fef6a00ea0fb468dcb511b9765735cb34658,api_image_v9,1280,960
SUD_0013_CAN,SUD_0013_CAN,,main,main,canonical,mini_sudoku,SUD_0013_CAN,single,image_prompt_v1,collection/models/prompts/single_puzzle_image_prompt_v1.txt,collection/models/images/SUD_0013_CAN.png,2113a8ce0351b86d3df26a9ca31d8e4e73c4aa37b4c9a2f16b74b7322a7d3e41,api_image_v9,1280,960
SUD_0014_CAN,SUD_0014_CAN,,main,main,canonical,mini_sudoku,SUD_0014_CAN,single,image_prompt_v1,collection/models/prompts/single_puzzle_image_prompt_v1.txt,collection/models/images/SUD_0014_CAN.png,9f74fa604179dc98abbb0dc19390e1f2ac99ac15da99bcd7ea6f3260e3e671f1,api_image_v9,1280,960
SUD_0015_CAN,SUD_0015_CAN,,main,main,canonical,mini_sudoku,SUD_0015_CAN,single,image_prompt_v1,collection/models/prompts/single_puzzle_image_prompt_v1.txt,collection/models/images/SUD_0015_CAN.png,93fde17d7b532f80512a02ed3e77a6427c2b3487cce83b67c6592394dc1697da,api_image_v9,1280,960
SUD_0016_CAN,SUD_0016_CAN,,main,main,canonical,mini_sudoku,SUD_0016_CAN,single,image_prompt_v1,collection/models/prompts/single_puzzle_image_prompt_v1.txt,collection/models/images/SUD_0016_CAN.png,2828ac77ef7519471cf6da29729282813486d8b217a226b51b4646afc8637898,api_image_v9,1280,960
SUD_0017_CAN,SUD_0017_CAN,,main,main,canonical,mini_sudoku,SUD_0017_CAN,single,image_prompt_v1,collection/models/prompts/single_puzzle_image_prompt_v1.txt,collection/models/images/SUD_0017_CAN.png,d708dc524d83c8312ad8372168da8dba961f634d5b57a2364c236280bc58bd4a,api_image_v9,1280,960
SUD_0018_CAN,SUD_0018_CAN,,main,main,canonical,mini_sudoku,SUD_0018_CAN,single,image_prompt_v1,collection/models/prompts/single_puzzle_image_prompt_v1.txt,collection/models/images/SUD_0018_CAN.png,32af26d4f161755b3621eaf56d6e86fe7525a3763e3598ac88698b3461291f10,api_image_v9,1280,960
SUD_0019_CAN,SUD_0019_CAN,,main,main,canonical,mini_sudoku,SUD_0019_CAN,single,image_prompt_v1,collection/models/prompts/single_puzzle_image_prompt_v1.txt,collection/models/images/SUD_0019_CAN.png,fbf67d6455e04242027f50ddec9fae51a362dd304b04ac8fcda34dfa9ac510d0,api_image_v9,1280,960
SUD_0020_CAN,SUD_0020_CAN,,main,main,canonical,mini_sudoku,SUD_0020_CAN,single,image_prompt_v1,collection/models/prompts/single_puzzle_image_prompt_v1.txt,collection/models/images/SUD_0020_CAN.png,d6c32bf7ebf8b96db6e73636f6b657248948ae28466491b03734d183b9c00718,api_image_v9,1280,960
CUE_MS_0001_BASE,CUE_MS_0001_BASE,,modules,cue,baseline_no_cue,minesweeper_lite,CUE_MS_0001_BASE,single,image_prompt_v1,collection/models/prompts/single_puzzle_image_prompt_v1.txt,collection/models/images/CUE_MS_0001_BASE.png,f4b2bd40f17db78ed2f909cf0364fefac0b99e5d7d8ce8d8aeeaec059a2bdad2,api_image_v9,1280,960
CUE_MS_0001_CUE_HALF_A,CUE_MS_0001_CUE_HALF_A,,modules,cue,cue_half_a,minesweeper_lite,CUE_MS_0001_CUE_HALF_A,single,image_prompt_v1,collection/models/prompts/single_puzzle_image_prompt_v1.txt,collection/models/images/CUE_MS_0001_CUE_HALF_A.png,517137cab1a83d5189de0eb7979d438cb9eb8e9b693b998ebf65085546869cbf,api_image_v9,1280,960
CUE_MS_0001_CUE_HALF_B,CUE_MS_0001_CUE_HALF_B,,modules,cue,cue_half_b,minesweeper_lite,CUE_MS_0001_CUE_HALF_B,single,image_prompt_v1,collection/models/prompts/single_puzzle_image_prompt_v1.txt,collection/models/images/CUE_MS_0001_CUE_HALF_B.png,66e13ca5744fcad36a89f729df3fda7c0050c6b8e5fd58ba9bc1d7274a33ef01,api_image_v9,1280,960
CUE_MS_0002_BASE,CUE_MS_0002_BASE,,modules,cue,baseline_no_cue,minesweeper_lite,CUE_MS_0002_BASE,single,image_prompt_v1,collection/models/prompts/single_puzzle_image_prompt_v1.txt,collection/models/images/CUE_MS_0002_BASE.png,947d7bf2b26a59269691b1de62f4dfadddabd74ead256de5c3dff3845f1a557c,api_image_v9,1280,960
CUE_MS_0002_CUE_HALF_A,CUE_MS_0002_CUE_HALF_A,,modules,cue,cue_half_a,minesweeper_lite,CUE_MS_0002_CUE_HALF_A,single,image_prompt_v1,collection/models/prompts/single_puzzle_image_prompt_v1.txt,collection/models/images/CUE_MS_0002_CUE_HALF_A.png,3d53a49ead7891c04a46b8a4315f81edacd8c4c4e4ab97489cb23b32eb50d57e,api_image_v9,1280,960
CUE_MS_0002_CUE_HALF_B,CUE_MS_0002_CUE_HALF_B,,modules,cue,cue_half_b,minesweeper_lite,CUE_MS_0002_CUE_HALF_B,single,image_prompt_v1,collection/models/prompts/single_puzzle_image_prompt_v1.txt,collection/models/images/CUE_MS_0002_CUE_HALF_B.png,4606991f5a4172f79f1bb665542b97b4d1976962d1a4c12e825af10e548abd7b,api_image_v9,1280,960
CUE_MS_0003_BASE,CUE_MS_0003_BASE,,modules,cue,baseline_no_cue,minesweeper_lite,CUE_MS_0003_BASE,single,image_prompt_v1,collection/models/prompts/single_puzzle_image_prompt_v1.txt,collection/models/images/CUE_MS_0003_BASE.png,a009993d5f033421cc85b5943f60fbf470998fcc99863ca342096260ceaa5020,api_image_v9,1280,960
CUE_MS_0003_CUE_HALF_A,CUE_MS_0003_CUE_HALF_A,,modules,cue,cue_half_a,minesweeper_lite,CUE_MS_0003_CUE_HALF_A,single,image_prompt_v1,collection/models/prompts/single_puzzle_image_prompt_v1.txt,collection/models/images/CUE_MS_0003_CUE_HALF_A.png,f2ec426076f0b16508fe2d8513b190635c377202309b0091fd11f58e2355d278,api_image_v9,1280,960
CUE_MS_0003_CUE_HALF_B,CUE_MS_0003_CUE_HALF_B,,modules,cue,cue_half_b,minesweeper_lite,CUE_MS_0003_CUE_HALF_B,single,image_prompt_v1,collection/models/prompts/single_puzzle_image_prompt_v1.txt,collection/models/images/CUE_MS_0003_CUE_HALF_B.png,4fc3cad0a68b9bfc8341718c470d90c5b3e00a3252662e485a2cbc6f0b544195,api_image_v9,1280,960
CUE_MS_0004_BASE,CUE_MS_0004_BASE,,modules,cue,baseline_no_cue,minesweeper_lite,CUE_MS_0004_BASE,single,image_prompt_v1,collection/models/prompts/single_puzzle_image_prompt_v1.txt,collection/models/images/CUE_MS_0004_BASE.png,224fd07e6a6f1fcab43534851971b1e4459ac4fe6da05a27a91017bc16157081,api_image_v9,1280,960
CUE_MS_0004_CUE_HALF_A,CUE_MS_0004_CUE_HALF_A,,modules,cue,cue_half_a,minesweeper_lite,CUE_MS_0004_CUE_HALF_A,single,image_prompt_v1,collection/models/prompts/single_puzzle_image_prompt_v1.txt,collection/models/images/CUE_MS_0004_CUE_HALF_A.png,8d254ac8245a0d2ff5d35752c479595618336935522f5718f4ecff6ba097b90b,api_image_v9,1280,960
CUE_MS_0004_CUE_HALF_B,CUE_MS_0004_CUE_HALF_B,,modules,cue,cue_half_b,minesweeper_lite,CUE_MS_0004_CUE_HALF_B,single,image_prompt_v1,collection/models/prompts/single_puzzle_image_prompt_v1.txt,collection/models/images/CUE_MS_0004_CUE_HALF_B.png,8f46d729ddd0fe6d48589e43ce554583d33a74cc0a8cc7ef23db7bf5d5256f19,api_image_v9,1280,960
CUE_MS_0005_BASE,CUE_MS_0005_BASE,,modules,cue,baseline_no_cue,minesweeper_lite,CUE_MS_0005_BASE,single,image_prompt_v1,collection/models/prompts/single_puzzle_image_prompt_v1.txt,collection/models/images/CUE_MS_0005_BASE.png,a113071f2981e83ebb6a92f700a4474ca52891e2f9322a4061136bfdf675033e,api_image_v9,1280,960
CUE_MS_0005_CUE_HALF_A,CUE_MS_0005_CUE_HALF_A,,modules,cue,cue_half_a,minesweeper_lite,CUE_MS_0005_CUE_HALF_A,single,image_prompt_v1,collection/models/prompts/single_puzzle_image_prompt_v1.txt,collection/models/images/CUE_MS_0005_CUE_HALF_A.png,66e4735f07323f3428b4a6e6cdcac4ce821ecd46b17daf2e550bb6b9a4ed27f6,api_image_v9,1280,960
CUE_MS_0005_CUE_HALF_B,CUE_MS_0005_CUE_HALF_B,,modules,cue,cue_half_b,minesweeper_lite,CUE_MS_0005_CUE_HALF_B,single,image_prompt_v1,collection/models/prompts/single_puzzle_image_prompt_v1.txt,collection/models/images/CUE_MS_0005_CUE_HALF_B.png,0be3db55c89f5e9b31edae5e509acf7bd6f7c667d1000f0e81e6617a9a4e3da5,api_image_v9,1280,960
CUE_SUD_0001_BASE,CUE_SUD_0001_BASE,,modules,cue,baseline_no_cue,mini_sudoku,CUE_SUD_0001_BASE,single,image_prompt_v1,collection/models/prompts/single_puzzle_image_prompt_v1.txt,collection/models/images/CUE_SUD_0001_BASE.png,494f1bb6b10251524496e2f03da6d74d3a117d95865040b6953adf59d4a943d3,api_image_v9,1280,960
CUE_SUD_0001_CUE_HALF_A,CUE_SUD_0001_CUE_HALF_A,,modules,cue,cue_half_a,mini_sudoku,CUE_SUD_0001_CUE_HALF_A,single,image_prompt_v1,collection/models/prompts/single_puzzle_image_prompt_v1.txt,collection/models/images/CUE_SUD_0001_CUE_HALF_A.png,452058f9b2343c3649bcc3f8900844c2f671054edb29432a4a8ef65dd4aa8c64,api_image_v9,1280,960
CUE_SUD_0001_CUE_HALF_B,CUE_SUD_0001_CUE_HALF_B,,modules,cue,cue_half_b,mini_sudoku,CUE_SUD_0001_CUE_HALF_B,single,image_prompt_v1,collection/models/prompts/single_puzzle_image_prompt_v1.txt,collection/models/images/CUE_SUD_0001_CUE_HALF_B.png,0cfda7d62851f7e44c824f3e41f03cc24b943447275e824634127d51efe0c590,api_image_v9,1280,960
CUE_SUD_0002_BASE,CUE_SUD_0002_BASE,,modules,cue,baseline_no_cue,mini_sudoku,CUE_SUD_0002_BASE,single,image_prompt_v1,collection/models/prompts/single_puzzle_image_prompt_v1.txt,collection/models/images/CUE_SUD_0002_BASE.png,210b9d5425faebbbbaa1fe152043555fa22ead08df780b6a2b03c63dcb16b095,api_image_v9,1280,960
CUE_SUD_0002_CUE_HALF_A,CUE_SUD_0002_CUE_HALF_A,,modules,cue,cue_half_a,mini_sudoku,CUE_SUD_0002_CUE_HALF_A,single,image_prompt_v1,collection/models/prompts/single_puzzle_image_prompt_v1.txt,collection/models/images/CUE_SUD_0002_CUE_HALF_A.png,0f9e03f959baa7d90071becffe227701fd65345e07de36a1048096d98dddd3d0,api_image_v9,1280,960
CUE_SUD_0002_CUE_HALF_B,CUE_SUD_0002_CUE_HALF_B,,modules,cue,cue_half_b,mini_sudoku,CUE_SUD_0002_CUE_HALF_B,single,image_prompt_v1,collection/models/prompts/single_puzzle_image_prompt_v1.txt,collection/models/images/CUE_SUD_0002_CUE_HALF_B.png,86b4bc0d6b42e5c3754d3a6a410c3c45c49fb455fa97f1cb7cd255e0f0a231dc,api_image_v9,1280,960
CUE_SUD_0003_BASE,CUE_SUD_0003_BASE,,modules,cue,baseline_no_cue,mini_sudoku,CUE_SUD_0003_BASE,single,image_prompt_v1,collection/models/prompts/single_puzzle_image_prompt_v1.txt,collection/models/images/CUE_SUD_0003_BASE.png,fe03bb43b215e0c71be16c1aa55ee82eabe04fce38dd82821de481c5518ccda1,api_image_v9,1280,960
CUE_SUD_0003_CUE_HALF_A,CUE_SUD_0003_CUE_HALF_A,,modules,cue,cue_half_a,mini_sudoku,CUE_SUD_0003_CUE_HALF_A,single,image_prompt_v1,collection/models/prompts/single_puzzle_image_prompt_v1.txt,collection/models/images/CUE_SUD_0003_CUE_HALF_A.png,ffc5fbab0eab48c1b43dc9faff1bf71fc3600181ba77b466ff6c45f6671343ce,api_image_v9,1280,960
CUE_SUD_0003_CUE_HALF_B,CUE_SUD_0003_CUE_HALF_B,,modules,cue,cue_half_b,mini_sudoku,CUE_SUD_0003_CUE_HALF_B,single,image_prompt_v1,collection/models/prompts/single_puzzle_image_prompt_v1.txt,collection/models/images/CUE_SUD_0003_CUE_HALF_B.png,be1d1f52db452f96b6b5671d7a745c6000d58ff0ba39ee7f9941c022c86a9a78,api_image_v9,1280,960
CUE_SUD_0004_BASE,CUE_SUD_0004_BASE,,modules,cue,baseline_no_cue,mini_sudoku,CUE_SUD_0004_BASE,single,image_prompt_v1,collection/models/prompts/single_puzzle_image_prompt_v1.txt,collection/models/images/CUE_SUD_0004_BASE.png,4d2f2af5c6c2b9af4743d43e98fc6f8f939577ae4866bea29dd6fd9d8c912f0e,api_image_v9,1280,960
CUE_SUD_0004_CUE_HALF_A,CUE_SUD_0004_CUE_HALF_A,,modules,cue,cue_half_a,mini_sudoku,CUE_SUD_0004_CUE_HALF_A,single,image_prompt_v1,collection/models/prompts/single_puzzle_image_prompt_v1.txt,collection/models/images/CUE_SUD_0004_CUE_HALF_A.png,650dfb68f82289fb80aeaa88f58f9dc77d964af04b0068ab20f0acf9fe6df6d0,api_image_v9,1280,960
CUE_SUD_0004_CUE_HALF_B,CUE_SUD_0004_CUE_HALF_B,,modules,cue,cue_half_b,mini_sudoku,CUE_SUD_0004_CUE_HALF_B,single,image_prompt_v1,collection/models/prompts/single_puzzle_image_prompt_v1.txt,collection/models/images/CUE_SUD_0004_CUE_HALF_B.png,d532bef2fc479e9d0306f039b0c4c620078b9986a5127ef1c17c6003a50c9bb2,api_image_v9,1280,960
CUE_SUD_0005_BASE,CUE_SUD_0005_BASE,,modules,cue,baseline_no_cue,mini_sudoku,CUE_SUD_0005_BASE,single,image_prompt_v1,collection/models/prompts/single_puzzle_image_prompt_v1.txt,collection/models/images/CUE_SUD_0005_BASE.png,c5baade3cdce97a0cc66ee9465ac9563ce901088af4990403ddb59bd7b241461,api_image_v9,1280,960
CUE_SUD_0005_CUE_HALF_A,CUE_SUD_0005_CUE_HALF_A,,modules,cue,cue_half_a,mini_sudoku,CUE_SUD_0005_CUE_HALF_A,single,image_prompt_v1,collection/models/prompts/single_puzzle_image_prompt_v1.txt,collection/models/images/CUE_SUD_0005_CUE_HALF_A.png,736ba465080a49f8284af318f25984f9849a8bd8dbd9074cc6651ea21bb12d85,api_image_v9,1280,960
CUE_SUD_0005_CUE_HALF_B,CUE_SUD_0005_CUE_HALF_B,,modules,cue,cue_half_b,mini_sudoku,CUE_SUD_0005_CUE_HALF_B,single,image_prompt_v1,collection/models/prompts/single_puzzle_image_prompt_v1.txt,collection/models/images/CUE_SUD_0005_CUE_HALF_B.png,c0d9276ebb1049ed5e8213a52c63ba8a97964fe66a31da33ece86b6128f23d3e,api_image_v9,1280,960
SPATIAL_MS_0001_ORIG,SPATIAL_MS_0001_ORIG,,modules,spatial,original,minesweeper_lite,SPATIAL_MS_0001_ORIG,single,image_prompt_v1,collection/models/prompts/single_puzzle_image_prompt_v1.txt,collection/models/images/SPATIAL_MS_0001_ORIG.png,79dc52f83d5fd1a76f8d9b1741e3c5725493b199df3846ca93463bbcae2d9b39,api_image_v9,1280,960
SPATIAL_MS_0001_LR,SPATIAL_MS_0001_LR,,modules,spatial,mirror_lr,minesweeper_lite,SPATIAL_MS_0001_LR,single,image_prompt_v1,collection/models/prompts/single_puzzle_image_prompt_v1.txt,collection/models/images/SPATIAL_MS_0001_LR.png,36dca8c2ed66bfc087c6f19d04d7828a8150da721be67a0cc1e36081fe6fb926,api_image_v9,1280,960
SPATIAL_MS_0001_TB,SPATIAL_MS_0001_TB,,modules,spatial,mirror_tb,minesweeper_lite,SPATIAL_MS_0001_TB,single,image_prompt_v1,collection/models/prompts/single_puzzle_image_prompt_v1.txt,collection/models/images/SPATIAL_MS_0001_TB.png,1e07c459db2d831743e06e1fd30202fc752ca5053dc2908ce9b6849a7e492471,api_image_v9,1280,960
SPATIAL_MS_0001_LR_TB,SPATIAL_MS_0001_LR_TB,,modules,spatial,mirror_lr_tb,minesweeper_lite,SPATIAL_MS_0001_LR_TB,single,image_prompt_v1,collection/models/prompts/single_puzzle_image_prompt_v1.txt,collection/models/images/SPATIAL_MS_0001_LR_TB.png,e65e62af24ca96ad01bc3714466b7e05c4622b9f5aec9413109528434d1f7a98,api_image_v9,1280,960
SPATIAL_MS_0002_ORIG,SPATIAL_MS_0002_ORIG,,modules,spatial,original,minesweeper_lite,SPATIAL_MS_0002_ORIG,single,image_prompt_v1,collection/models/prompts/single_puzzle_image_prompt_v1.txt,collection/models/images/SPATIAL_MS_0002_ORIG.png,7c6fdb74407ec2885274df25f139e764c1e16a39f99e0a5720ced63576823a6d,api_image_v9,1280,960
SPATIAL_MS_0002_LR,SPATIAL_MS_0002_LR,,modules,spatial,mirror_lr,minesweeper_lite,SPATIAL_MS_0002_LR,single,image_prompt_v1,collection/models/prompts/single_puzzle_image_prompt_v1.txt,collection/models/images/SPATIAL_MS_0002_LR.png,3b11539ffffa17acbb4c560a5883a61b3f4007422037c5b20f3ee8f1689659e1,api_image_v9,1280,960
SPATIAL_MS_0002_TB,SPATIAL_MS_0002_TB,,modules,spatial,mirror_tb,minesweeper_lite,SPATIAL_MS_0002_TB,single,image_prompt_v1,collection/models/prompts/single_puzzle_image_prompt_v1.txt,collection/models/images/SPATIAL_MS_0002_TB.png,fe0182817eaaba7c20b97a5cecb3794c526a010eca4786b7a9c050ab963f808d,api_image_v9,1280,960
SPATIAL_MS_0002_LR_TB,SPATIAL_MS_0002_LR_TB,,modules,spatial,mirror_lr_tb,minesweeper_lite,SPATIAL_MS_0002_LR_TB,single,image_prompt_v1,collection/models/prompts/single_puzzle_image_prompt_v1.txt,collection/models/images/SPATIAL_MS_0002_LR_TB.png,68eba0980ca517cbdb57a36bd35b64ab1ba3131df178ae1feb42bc37cbcfa106,api_image_v9,1280,960
SPATIAL_MS_0003_ORIG,SPATIAL_MS_0003_ORIG,,modules,spatial,original,minesweeper_lite,SPATIAL_MS_0003_ORIG,single,image_prompt_v1,collection/models/prompts/single_puzzle_image_prompt_v1.txt,collection/models/images/SPATIAL_MS_0003_ORIG.png,473f5c010e4fa11416f0021124d27814de90a404eccd421da13e0845a1ededf3,api_image_v9,1280,960
SPATIAL_MS_0003_LR,SPATIAL_MS_0003_LR,,modules,spatial,mirror_lr,minesweeper_lite,SPATIAL_MS_0003_LR,single,image_prompt_v1,collection/models/prompts/single_puzzle_image_prompt_v1.txt,collection/models/images/SPATIAL_MS_0003_LR.png,61d16682ca4705c6dcc8dc2eab21f67230ad6cf4b579822f2b4edd733288f5ee,api_image_v9,1280,960
SPATIAL_MS_0003_TB,SPATIAL_MS_0003_TB,,modules,spatial,mirror_tb,minesweeper_lite,SPATIAL_MS_0003_TB,single,image_prompt_v1,collection/models/prompts/single_puzzle_image_prompt_v1.txt,collection/models/images/SPATIAL_MS_0003_TB.png,f3c59bde5d91dd956d6d61431e93f969000546739fee2ba21a030af38ca2ab70,api_image_v9,1280,960
SPATIAL_MS_0003_LR_TB,SPATIAL_MS_0003_LR_TB,,modules,spatial,mirror_lr_tb,minesweeper_lite,SPATIAL_MS_0003_LR_TB,single,image_prompt_v1,collection/models/prompts/single_puzzle_image_prompt_v1.txt,collection/models/images/SPATIAL_MS_0003_LR_TB.png,ad89fd7ce06896959ef3ba127e28beddf6d68640711601ff68066462eb4d8b0c,api_image_v9,1280,960
SPATIAL_MS_0004_ORIG,SPATIAL_MS_0004_ORIG,,modules,spatial,original,minesweeper_lite,SPATIAL_MS_0004_ORIG,single,image_prompt_v1,collection/models/prompts/single_puzzle_image_prompt_v1.txt,collection/models/images/SPATIAL_MS_0004_ORIG.png,b1502e9e00183ec81d442849e97718cc1f688be02e635f79d16e08003e15e91d,api_image_v9,1280,960
SPATIAL_MS_0004_LR,SPATIAL_MS_0004_LR,,modules,spatial,mirror_lr,minesweeper_lite,SPATIAL_MS_0004_LR,single,image_prompt_v1,collection/models/prompts/single_puzzle_image_prompt_v1.txt,collection/models/images/SPATIAL_MS_0004_LR.png,11a397a2323600493e0800df56a96bb134822b5fcea4d0102d88b724c325123c,api_image_v9,1280,960
SPATIAL_MS_0004_TB,SPATIAL_MS_0004_TB,,modules,spatial,mirror_tb,minesweeper_lite,SPATIAL_MS_0004_TB,single,image_prompt_v1,collection/models/prompts/single_puzzle_image_prompt_v1.txt,collection/models/images/SPATIAL_MS_0004_TB.png,e6b3d3f07abf8b24bbec57bceb476ec6b54ec6a301dedd15084a640cab62b9b3,api_image_v9,1280,960
SPATIAL_MS_0004_LR_TB,SPATIAL_MS_0004_LR_TB,,modules,spatial,mirror_lr_tb,minesweeper_lite,SPATIAL_MS_0004_LR_TB,single,image_prompt_v1,collection/models/prompts/single_puzzle_image_prompt_v1.txt,collection/models/images/SPATIAL_MS_0004_LR_TB.png,81d3773bb1f1bc94348a1580fc530e04f0732b11a9d1801ebb78be57f93cb889,api_image_v9,1280,960
SPATIAL_MS_0005_ORIG,SPATIAL_MS_0005_ORIG,,modules,spatial,original,minesweeper_lite,SPATIAL_MS_0005_ORIG,single,image_prompt_v1,collection/models/prompts/single_puzzle_image_prompt_v1.txt,collection/models/images/SPATIAL_MS_0005_ORIG.png,62b09a7d4b6dd3e50994cfbe131591956abd96bac73dbe42fedd2e0e65e605ba,api_image_v9,1280,960
SPATIAL_MS_0005_LR,SPATIAL_MS_0005_LR,,modules,spatial,mirror_lr,minesweeper_lite,SPATIAL_MS_0005_LR,single,image_prompt_v1,collection/models/prompts/single_puzzle_image_prompt_v1.txt,collection/models/images/SPATIAL_MS_0005_LR.png,8b4fba2315c3fb8f28159a26ecade44eb755225186000f827ca429087ae7cdba,api_image_v9,1280,960
SPATIAL_MS_0005_TB,SPATIAL_MS_0005_TB,,modules,spatial,mirror_tb,minesweeper_lite,SPATIAL_MS_0005_TB,single,image_prompt_v1,collection/models/prompts/single_puzzle_image_prompt_v1.txt,collection/models/images/SPATIAL_MS_0005_TB.png,3e9f9015f9b0ab437a6e0000fdd904f23156da6cc2cbcd4ddec306ca81fab6bf,api_image_v9,1280,960
SPATIAL_MS_0005_LR_TB,SPATIAL_MS_0005_LR_TB,,modules,spatial,mirror_lr_tb,minesweeper_lite,SPATIAL_MS_0005_LR_TB,single,image_prompt_v1,collection/models/prompts/single_puzzle_image_prompt_v1.txt,collection/models/images/SPATIAL_MS_0005_LR_TB.png,877499e1a8f371268317b5c7994b3f09a22b29b640cd2c4a98254319d7499bc7,api_image_v9,1280,960
SPATIAL_SUD_0001_ORIG,SPATIAL_SUD_0001_ORIG,,modules,spatial,original,mini_sudoku,SPATIAL_SUD_0001_ORIG,single,image_prompt_v1,collection/models/prompts/single_puzzle_image_prompt_v1.txt,collection/models/images/SPATIAL_SUD_0001_ORIG.png,494f1bb6b10251524496e2f03da6d74d3a117d95865040b6953adf59d4a943d3,api_image_v9,1280,960
SPATIAL_SUD_0001_LR,SPATIAL_SUD_0001_LR,,modules,spatial,mirror_lr,mini_sudoku,SPATIAL_SUD_0001_LR,single,image_prompt_v1,collection/models/prompts/single_puzzle_image_prompt_v1.txt,collection/models/images/SPATIAL_SUD_0001_LR.png,d9cb07535ba3c1218e7f7de73db11b800726489a76f44feb99fac0a87fef7be5,api_image_v9,1280,960
SPATIAL_SUD_0001_TB,SPATIAL_SUD_0001_TB,,modules,spatial,mirror_tb,mini_sudoku,SPATIAL_SUD_0001_TB,single,image_prompt_v1,collection/models/prompts/single_puzzle_image_prompt_v1.txt,collection/models/images/SPATIAL_SUD_0001_TB.png,22334d02375a94f2195e639968c5861e2fb3cac912b2f90b75008c208fd16626,api_image_v9,1280,960
SPATIAL_SUD_0001_LR_TB,SPATIAL_SUD_0001_LR_TB,,modules,spatial,mirror_lr_tb,mini_sudoku,SPATIAL_SUD_0001_LR_TB,single,image_prompt_v1,collection/models/prompts/single_puzzle_image_prompt_v1.txt,collection/models/images/SPATIAL_SUD_0001_LR_TB.png,ee7007fe9bfaabeebf6135e57d9d8e0fa114a3931ddf28f5bc4cc8c6f348041b,api_image_v9,1280,960
SPATIAL_SUD_0002_ORIG,SPATIAL_SUD_0002_ORIG,,modules,spatial,original,mini_sudoku,SPATIAL_SUD_0002_ORIG,single,image_prompt_v1,collection/models/prompts/single_puzzle_image_prompt_v1.txt,collection/models/images/SPATIAL_SUD_0002_ORIG.png,210b9d5425faebbbbaa1fe152043555fa22ead08df780b6a2b03c63dcb16b095,api_image_v9,1280,960
SPATIAL_SUD_0002_LR,SPATIAL_SUD_0002_LR,,modules,spatial,mirror_lr,mini_sudoku,SPATIAL_SUD_0002_LR,single,image_prompt_v1,collection/models/prompts/single_puzzle_image_prompt_v1.txt,collection/models/images/SPATIAL_SUD_0002_LR.png,de67a46b6bad96a6d8276228b368d8ca4f447bcfd2921c162d248ef9ff76a9bb,api_image_v9,1280,960
SPATIAL_SUD_0002_TB,SPATIAL_SUD_0002_TB,,modules,spatial,mirror_tb,mini_sudoku,SPATIAL_SUD_0002_TB,single,image_prompt_v1,collection/models/prompts/single_puzzle_image_prompt_v1.txt,collection/models/images/SPATIAL_SUD_0002_TB.png,592c228b9912c181dcb8f0e18cbfb1837645d5e02a80ed202c94cae593c30019,api_image_v9,1280,960
SPATIAL_SUD_0002_LR_TB,SPATIAL_SUD_0002_LR_TB,,modules,spatial,mirror_lr_tb,mini_sudoku,SPATIAL_SUD_0002_LR_TB,single,image_prompt_v1,collection/models/prompts/single_puzzle_image_prompt_v1.txt,collection/models/images/SPATIAL_SUD_0002_LR_TB.png,4a6c683eb538011e274a03c4dbf61100a78f40dc1612c9f0de9b6ff6d264310d,api_image_v9,1280,960
SPATIAL_SUD_0003_ORIG,SPATIAL_SUD_0003_ORIG,,modules,spatial,original,mini_sudoku,SPATIAL_SUD_0003_ORIG,single,image_prompt_v1,collection/models/prompts/single_puzzle_image_prompt_v1.txt,collection/models/images/SPATIAL_SUD_0003_ORIG.png,fe03bb43b215e0c71be16c1aa55ee82eabe04fce38dd82821de481c5518ccda1,api_image_v9,1280,960
SPATIAL_SUD_0003_LR,SPATIAL_SUD_0003_LR,,modules,spatial,mirror_lr,mini_sudoku,SPATIAL_SUD_0003_LR,single,image_prompt_v1,collection/models/prompts/single_puzzle_image_prompt_v1.txt,collection/models/images/SPATIAL_SUD_0003_LR.png,36fde8dc581ec8fd0f30f25328e11434c635533bd37ba01764bbc198743c5ce1,api_image_v9,1280,960
SPATIAL_SUD_0003_TB,SPATIAL_SUD_0003_TB,,modules,spatial,mirror_tb,mini_sudoku,SPATIAL_SUD_0003_TB,single,image_prompt_v1,collection/models/prompts/single_puzzle_image_prompt_v1.txt,collection/models/images/SPATIAL_SUD_0003_TB.png,06db86d16af4c9bb252d23455ab726b7d9d235c11b421f4075ad41c9c75fa12f,api_image_v9,1280,960
SPATIAL_SUD_0003_LR_TB,SPATIAL_SUD_0003_LR_TB,,modules,spatial,mirror_lr_tb,mini_sudoku,SPATIAL_SUD_0003_LR_TB,single,image_prompt_v1,collection/models/prompts/single_puzzle_image_prompt_v1.txt,collection/models/images/SPATIAL_SUD_0003_LR_TB.png,582b3402df88bb35fea6eed11999208b8c6d9c83ab9cc08cbc08ddbbd8ea787b,api_image_v9,1280,960
SPATIAL_SUD_0004_ORIG,SPATIAL_SUD_0004_ORIG,,modules,spatial,original,mini_sudoku,SPATIAL_SUD_0004_ORIG,single,image_prompt_v1,collection/models/prompts/single_puzzle_image_prompt_v1.txt,collection/models/images/SPATIAL_SUD_0004_ORIG.png,4d2f2af5c6c2b9af4743d43e98fc6f8f939577ae4866bea29dd6fd9d8c912f0e,api_image_v9,1280,960
SPATIAL_SUD_0004_LR,SPATIAL_SUD_0004_LR,,modules,spatial,mirror_lr,mini_sudoku,SPATIAL_SUD_0004_LR,single,image_prompt_v1,collection/models/prompts/single_puzzle_image_prompt_v1.txt,collection/models/images/SPATIAL_SUD_0004_LR.png,72d0272c985be7690cc05b32cb50590e86a94ab30fef9f93d1e7e25c4487c34c,api_image_v9,1280,960
SPATIAL_SUD_0004_TB,SPATIAL_SUD_0004_TB,,modules,spatial,mirror_tb,mini_sudoku,SPATIAL_SUD_0004_TB,single,image_prompt_v1,collection/models/prompts/single_puzzle_image_prompt_v1.txt,collection/models/images/SPATIAL_SUD_0004_TB.png,6bd16e063fe645a0fccd0e52dffbb918751f652988a3681080c117dfdfabb047,api_image_v9,1280,960
SPATIAL_SUD_0004_LR_TB,SPATIAL_SUD_0004_LR_TB,,modules,spatial,mirror_lr_tb,mini_sudoku,SPATIAL_SUD_0004_LR_TB,single,image_prompt_v1,collection/models/prompts/single_puzzle_image_prompt_v1.txt,collection/models/images/SPATIAL_SUD_0004_LR_TB.png,518cb4c2024245aa46c340aaf527919c9deca5dd29b5ca1b43a053a981994776,api_image_v9,1280,960
SPATIAL_SUD_0005_ORIG,SPATIAL_SUD_0005_ORIG,,modules,spatial,original,mini_sudoku,SPATIAL_SUD_0005_ORIG,single,image_prompt_v1,collection/models/prompts/single_puzzle_image_prompt_v1.txt,collection/models/images/SPATIAL_SUD_0005_ORIG.png,c5baade3cdce97a0cc66ee9465ac9563ce901088af4990403ddb59bd7b241461,api_image_v9,1280,960
SPATIAL_SUD_0005_LR,SPATIAL_SUD_0005_LR,,modules,spatial,mirror_lr,mini_sudoku,SPATIAL_SUD_0005_LR,single,image_prompt_v1,collection/models/prompts/single_puzzle_image_prompt_v1.txt,collection/models/images/SPATIAL_SUD_0005_LR.png,185bba74cecf14544ea707ea2db24182124fdad3a514e7b9e4d691e0422a4842,api_image_v9,1280,960
SPATIAL_SUD_0005_TB,SPATIAL_SUD_0005_TB,,modules,spatial,mirror_tb,mini_sudoku,SPATIAL_SUD_0005_TB,single,image_prompt_v1,collection/models/prompts/single_puzzle_image_prompt_v1.txt,collection/models/images/SPATIAL_SUD_0005_TB.png,834c17818a6d25c22b7d1b556d5f8fc0f2149b3ac2d152ce662d01dd4c93a338,api_image_v9,1280,960
SPATIAL_SUD_0005_LR_TB,SPATIAL_SUD_0005_LR_TB,,modules,spatial,mirror_lr_tb,mini_sudoku,SPATIAL_SUD_0005_LR_TB,single,image_prompt_v1,collection/models/prompts/single_puzzle_image_prompt_v1.txt,collection/models/images/SPATIAL_SUD_0005_LR_TB.png,44d625cb65304a27ceee86907630a5aba41e8bcc24a34664310d028e24783b09,api_image_v9,1280,960
FORM_A24_0001_CAN,FORM_A24_0001_CAN,,modules,formulation,original_order,arithmetic24,FORM_A24_0001_CAN,single,image_prompt_v1,collection/models/prompts/single_puzzle_image_prompt_v1.txt,collection/models/images/FORM_A24_0001_CAN.png,7a29538b25bacb035f3edac66965a62de268c49176f20841cc31b0bfd44d1ea3,api_image_v9,1280,960
FORM_A24_0001_FORM,FORM_A24_0001_FORM,,modules,formulation,shuffled_order,arithmetic24,FORM_A24_0001_FORM,single,image_prompt_v1,collection/models/prompts/single_puzzle_image_prompt_v1.txt,collection/models/images/FORM_A24_0001_FORM.png,839b497afe6f477b2b50ec660a0b962b40e3bbd72fc93afa38502d168c00216e,api_image_v9,1280,960
FORM_A24_0002_CAN,FORM_A24_0002_CAN,,modules,formulation,original_order,arithmetic24,FORM_A24_0002_CAN,single,image_prompt_v1,collection/models/prompts/single_puzzle_image_prompt_v1.txt,collection/models/images/FORM_A24_0002_CAN.png,9a38b4b7ea3662d3994647f26174434359a7f280464a724f2db45040e006147c,api_image_v9,1280,960
FORM_A24_0002_FORM,FORM_A24_0002_FORM,,modules,formulation,shuffled_order,arithmetic24,FORM_A24_0002_FORM,single,image_prompt_v1,collection/models/prompts/single_puzzle_image_prompt_v1.txt,collection/models/images/FORM_A24_0002_FORM.png,72280df6ec3c0e5e9a45c17290c66eb1671d35fc44fdca5a8a76d4dc5380036c,api_image_v9,1280,960
FORM_A24_0003_CAN,FORM_A24_0003_CAN,,modules,formulation,original_order,arithmetic24,FORM_A24_0003_CAN,single,image_prompt_v1,collection/models/prompts/single_puzzle_image_prompt_v1.txt,collection/models/images/FORM_A24_0003_CAN.png,acb2edb08fc454ac47289cecc0e3e3b09442c7cbade35094a5e875e985c86ac3,api_image_v9,1280,960
FORM_A24_0003_FORM,FORM_A24_0003_FORM,,modules,formulation,shuffled_order,arithmetic24,FORM_A24_0003_FORM,single,image_prompt_v1,collection/models/prompts/single_puzzle_image_prompt_v1.txt,collection/models/images/FORM_A24_0003_FORM.png,a483a1430c5af3519dc0590d0ed4780acb772437709ff00186d074ac36fb2eeb,api_image_v9,1280,960
FORM_A24_0004_CAN,FORM_A24_0004_CAN,,modules,formulation,original_order,arithmetic24,FORM_A24_0004_CAN,single,image_prompt_v1,collection/models/prompts/single_puzzle_image_prompt_v1.txt,collection/models/images/FORM_A24_0004_CAN.png,e07c7c9346874eaa90048e32bf451b161e7c9d9ac3e6274f0ef7fefb183d7307,api_image_v9,1280,960
FORM_A24_0004_FORM,FORM_A24_0004_FORM,,modules,formulation,shuffled_order,arithmetic24,FORM_A24_0004_FORM,single,image_prompt_v1,collection/models/prompts/single_puzzle_image_prompt_v1.txt,collection/models/images/FORM_A24_0004_FORM.png,9ec06d9cc0a2d8e5116b634377313adc3027efb1372e377c6ac5c6e515f89ed0,api_image_v9,1280,960
FORM_A24_0005_CAN,FORM_A24_0005_CAN,,modules,formulation,original_order,arithmetic24,FORM_A24_0005_CAN,single,image_prompt_v1,collection/models/prompts/single_puzzle_image_prompt_v1.txt,collection/models/images/FORM_A24_0005_CAN.png,0271e10bf1bf0049330e3a5d87213bf583ec007b5fb2fbcde0dbb51febbf48fc,api_image_v9,1280,960
FORM_A24_0005_FORM,FORM_A24_0005_FORM,,modules,formulation,shuffled_order,arithmetic24,FORM_A24_0005_FORM,single,image_prompt_v1,collection/models/prompts/single_puzzle_image_prompt_v1.txt,collection/models/images/FORM_A24_0005_FORM.png,6b9e4c16dec3ab83b5215bba8165dc9c473527d7646698f183e991c3d5d636ab,api_image_v9,1280,960
FORM_A24_0006_CAN,FORM_A24_0006_CAN,,modules,formulation,original_order,arithmetic24,FORM_A24_0006_CAN,single,image_prompt_v1,collection/models/prompts/single_puzzle_image_prompt_v1.txt,collection/models/images/FORM_A24_0006_CAN.png,20281ac239b148d685714b03fee506a49f5627004b10440cdfaaf0d6813b6649,api_image_v9,1280,960
FORM_A24_0006_FORM,FORM_A24_0006_FORM,,modules,formulation,shuffled_order,arithmetic24,FORM_A24_0006_FORM,single,image_prompt_v1,collection/models/prompts/single_puzzle_image_prompt_v1.txt,collection/models/images/FORM_A24_0006_FORM.png,4dcaf6f20fd0123f49b52d15ed259b5371f2b04e94a7b24b56c6a614b2edb403,api_image_v9,1280,960
FORM_A24_0007_CAN,FORM_A24_0007_CAN,,modules,formulation,original_order,arithmetic24,FORM_A24_0007_CAN,single,image_prompt_v1,collection/models/prompts/single_puzzle_image_prompt_v1.txt,collection/models/images/FORM_A24_0007_CAN.png,d84013bdf1730455e87abc521c96f2446f2ae0636df7511ad8c055ff104c5176,api_image_v9,1280,960
FORM_A24_0007_FORM,FORM_A24_0007_FORM,,modules,formulation,shuffled_order,arithmetic24,FORM_A24_0007_FORM,single,image_prompt_v1,collection/models/prompts/single_puzzle_image_prompt_v1.txt,collection/models/images/FORM_A24_0007_FORM.png,6dc09a9f8411462ed5eefd117775ff20724702e2b4933ff8ed03e80dbda8bee8,api_image_v9,1280,960
FORM_A24_0008_CAN,FORM_A24_0008_CAN,,modules,formulation,original_order,arithmetic24,FORM_A24_0008_CAN,single,image_prompt_v1,collection/models/prompts/single_puzzle_image_prompt_v1.txt,collection/models/images/FORM_A24_0008_CAN.png,1d6323dbb6ca98f126dc83f2a4ae0e47b0b4e68f0cd27f31fe2bbc2202dddf03,api_image_v9,1280,960
FORM_A24_0008_FORM,FORM_A24_0008_FORM,,modules,formulation,shuffled_order,arithmetic24,FORM_A24_0008_FORM,single,image_prompt_v1,collection/models/prompts/single_puzzle_image_prompt_v1.txt,collection/models/images/FORM_A24_0008_FORM.png,3bc2698174339e44cf69ca58e1e4e9b548e4a24621976ea05c29caa3c07329e5,api_image_v9,1280,960
FORM_A24_0009_CAN,FORM_A24_0009_CAN,,modules,formulation,original_order,arithmetic24,FORM_A24_0009_CAN,single,image_prompt_v1,collection/models/prompts/single_puzzle_image_prompt_v1.txt,collection/models/images/FORM_A24_0009_CAN.png,1fd20d3dde23378da74fdb2f5826cc27d40692f3656b6358f65aff117ad4ccd9,api_image_v9,1280,960
FORM_A24_0009_FORM,FORM_A24_0009_FORM,,modules,formulation,shuffled_order,arithmetic24,FORM_A24_0009_FORM,single,image_prompt_v1,collection/models/prompts/single_puzzle_image_prompt_v1.txt,collection/models/images/FORM_A24_0009_FORM.png,6af3ee0fe45d56c868985091c68d7c23b7219c31025b131c13971bb206fe79ee,api_image_v9,1280,960
FORM_A24_0010_CAN,FORM_A24_0010_CAN,,modules,formulation,original_order,arithmetic24,FORM_A24_0010_CAN,single,image_prompt_v1,collection/models/prompts/single_puzzle_image_prompt_v1.txt,collection/models/images/FORM_A24_0010_CAN.png,3640c1f0ed238e98ebbf8196280f8da73bf646520694273a6431ad4725a3da78,api_image_v9,1280,960
FORM_A24_0010_FORM,FORM_A24_0010_FORM,,modules,formulation,shuffled_order,arithmetic24,FORM_A24_0010_FORM,single,image_prompt_v1,collection/models/prompts/single_puzzle_image_prompt_v1.txt,collection/models/images/FORM_A24_0010_FORM.png,560ae019b33ef82b36e3a78c0b8bf631b6fa9b52711f767cde3b08c0c490c773,api_image_v9,1280,960
PAIR_MS_0001_NO_PRIME,PAIR_MS_0001_NO_PRIME_B,PAIR_MS_0001_NO_PRIME,modules,pair,no_prime,minesweeper_lite,PAIR_MS_0001_NO_PRIME_B,single,image_prompt_v1,collection/models/prompts/single_puzzle_image_prompt_v1.txt,collection/models/images/PAIR_MS_0001_NO_PRIME.png,1c94ad8e0f73c170a14b41dd24c99f649ce89c3f2be52cf3823adb949d3b61f4,api_image_v9,1280,960
PAIR_MS_0001_REL,PAIR_MS_0001_REL_A;PAIR_MS_0001_REL_B,PAIR_MS_0001_REL,modules,pair,related,minesweeper_lite,PAIR_MS_0001_REL_A;PAIR_MS_0001_REL_B,sequence,image_sequence_prompt_v1,collection/models/prompts/sequence_pair_transfer_image_prompt_v1.txt,collection/models/images/PAIR_MS_0001_REL.png,0eac8f6cf051c9e62ee6d4945bf412ffa47d1423c5c8f7349436ac55c657c165,api_image_v9,1720,1040
PAIR_MS_0001_CTRL,PAIR_MS_0001_CTRL_A;PAIR_MS_0001_CTRL_B,PAIR_MS_0001_CTRL,modules,pair,unrelated_control,minesweeper_lite,PAIR_MS_0001_CTRL_A;PAIR_MS_0001_CTRL_B,sequence,image_sequence_prompt_v1,collection/models/prompts/sequence_pair_transfer_image_prompt_v1.txt,collection/models/images/PAIR_MS_0001_CTRL.png,7e1cf2326534674e6f7708bac642fbbfbb9b2f95577059e7e2d7b799614ff0d9,api_image_v9,1720,1040
PAIR_MS_0002_NO_PRIME,PAIR_MS_0002_NO_PRIME_B,PAIR_MS_0002_NO_PRIME,modules,pair,no_prime,minesweeper_lite,PAIR_MS_0002_NO_PRIME_B,single,image_prompt_v1,collection/models/prompts/single_puzzle_image_prompt_v1.txt,collection/models/images/PAIR_MS_0002_NO_PRIME.png,01894d71e13b3cc4019c5dad945378402cb76179d45827a7b1ad9a05b8832ace,api_image_v9,1280,960
PAIR_MS_0002_REL,PAIR_MS_0002_REL_A;PAIR_MS_0002_REL_B,PAIR_MS_0002_REL,modules,pair,related,minesweeper_lite,PAIR_MS_0002_REL_A;PAIR_MS_0002_REL_B,sequence,image_sequence_prompt_v1,collection/models/prompts/sequence_pair_transfer_image_prompt_v1.txt,collection/models/images/PAIR_MS_0002_REL.png,ceee8c65eec25e1646d99ede948e70ae2eac4bfc9d97c96d6c13b980397bebe3,api_image_v9,1720,1040
PAIR_MS_0002_CTRL,PAIR_MS_0002_CTRL_A;PAIR_MS_0002_CTRL_B,PAIR_MS_0002_CTRL,modules,pair,unrelated_control,minesweeper_lite,PAIR_MS_0002_CTRL_A;PAIR_MS_0002_CTRL_B,sequence,image_sequence_prompt_v1,collection/models/prompts/sequence_pair_transfer_image_prompt_v1.txt,collection/models/images/PAIR_MS_0002_CTRL.png,cf05bddb65bb1df55e41ee6688dd814fa2e6092b1b2d711f9b40ba063c00f1c8,api_image_v9,1720,1040
PAIR_MS_0003_NO_PRIME,PAIR_MS_0003_NO_PRIME_B,PAIR_MS_0003_NO_PRIME,modules,pair,no_prime,minesweeper_lite,PAIR_MS_0003_NO_PRIME_B,single,image_prompt_v1,collection/models/prompts/single_puzzle_image_prompt_v1.txt,collection/models/images/PAIR_MS_0003_NO_PRIME.png,23c7b9df0f7e34e7d4fadaef37447f7fe1d110fcea5c08b113dabbfef6480398,api_image_v9,1280,960
PAIR_MS_0003_REL,PAIR_MS_0003_REL_A;PAIR_MS_0003_REL_B,PAIR_MS_0003_REL,modules,pair,related,minesweeper_lite,PAIR_MS_0003_REL_A;PAIR_MS_0003_REL_B,sequence,image_sequence_prompt_v1,collection/models/prompts/sequence_pair_transfer_image_prompt_v1.txt,collection/models/images/PAIR_MS_0003_REL.png,3591f905bafc351449f2d19aae684ac7bca32f405cc585cea3b3d3bfb48f8787,api_image_v9,1720,1040
PAIR_MS_0003_CTRL,PAIR_MS_0003_CTRL_A;PAIR_MS_0003_CTRL_B,PAIR_MS_0003_CTRL,modules,pair,unrelated_control,minesweeper_lite,PAIR_MS_0003_CTRL_A;PAIR_MS_0003_CTRL_B,sequence,image_sequence_prompt_v1,collection/models/prompts/sequence_pair_transfer_image_prompt_v1.txt,collection/models/images/PAIR_MS_0003_CTRL.png,b3bb2a22b5355a8997798cfe0e526b6bea9b04b8c732c3c6bb4216c417894ab9,api_image_v9,1720,1040
PAIR_MS_0004_NO_PRIME,PAIR_MS_0004_NO_PRIME_B,PAIR_MS_0004_NO_PRIME,modules,pair,no_prime,minesweeper_lite,PAIR_MS_0004_NO_PRIME_B,single,image_prompt_v1,collection/models/prompts/single_puzzle_image_prompt_v1.txt,collection/models/images/PAIR_MS_0004_NO_PRIME.png,36dca8c2ed66bfc087c6f19d04d7828a8150da721be67a0cc1e36081fe6fb926,api_image_v9,1280,960
PAIR_MS_0004_REL,PAIR_MS_0004_REL_A;PAIR_MS_0004_REL_B,PAIR_MS_0004_REL,modules,pair,related,minesweeper_lite,PAIR_MS_0004_REL_A;PAIR_MS_0004_REL_B,sequence,image_sequence_prompt_v1,collection/models/prompts/sequence_pair_transfer_image_prompt_v1.txt,collection/models/images/PAIR_MS_0004_REL.png,62b6fdd5e74690065416b66e74bf96c29549f75652c15af1c3162d8436601b97,api_image_v9,1720,1040
PAIR_MS_0004_CTRL,PAIR_MS_0004_CTRL_A;PAIR_MS_0004_CTRL_B,PAIR_MS_0004_CTRL,modules,pair,unrelated_control,minesweeper_lite,PAIR_MS_0004_CTRL_A;PAIR_MS_0004_CTRL_B,sequence,image_sequence_prompt_v1,collection/models/prompts/sequence_pair_transfer_image_prompt_v1.txt,collection/models/images/PAIR_MS_0004_CTRL.png,0374b46073f1269abf21f873dabb8522396845bcd9087013a11681bd61651e37,api_image_v9,1720,1040
PAIR_MS_0005_NO_PRIME,PAIR_MS_0005_NO_PRIME_B,PAIR_MS_0005_NO_PRIME,modules,pair,no_prime,minesweeper_lite,PAIR_MS_0005_NO_PRIME_B,single,image_prompt_v1,collection/models/prompts/single_puzzle_image_prompt_v1.txt,collection/models/images/PAIR_MS_0005_NO_PRIME.png,629265061c9c8453b2d042c8544aed7782c852e378a8bc4504f66e9411cfbbf8,api_image_v9,1280,960
PAIR_MS_0005_REL,PAIR_MS_0005_REL_A;PAIR_MS_0005_REL_B,PAIR_MS_0005_REL,modules,pair,related,minesweeper_lite,PAIR_MS_0005_REL_A;PAIR_MS_0005_REL_B,sequence,image_sequence_prompt_v1,collection/models/prompts/sequence_pair_transfer_image_prompt_v1.txt,collection/models/images/PAIR_MS_0005_REL.png,80635310de4e1d54fd75882c865fe31c0d2939f8e15ef73a051b6369a36ff944,api_image_v9,1720,1040
PAIR_MS_0005_CTRL,PAIR_MS_0005_CTRL_A;PAIR_MS_0005_CTRL_B,PAIR_MS_0005_CTRL,modules,pair,unrelated_control,minesweeper_lite,PAIR_MS_0005_CTRL_A;PAIR_MS_0005_CTRL_B,sequence,image_sequence_prompt_v1,collection/models/prompts/sequence_pair_transfer_image_prompt_v1.txt,collection/models/images/PAIR_MS_0005_CTRL.png,6f8dc41d8d0ac73f384311e55d2ec5ad3b3c90365fc0dc85c2acf39acaba230d,api_image_v9,1720,1040
PAIR_SUD_0001_NO_PRIME,PAIR_SUD_0001_NO_PRIME_B,PAIR_SUD_0001_NO_PRIME,modules,pair,no_prime,mini_sudoku,PAIR_SUD_0001_NO_PRIME_B,single,image_prompt_v1,collection/models/prompts/single_puzzle_image_prompt_v1.txt,collection/models/images/PAIR_SUD_0001_NO_PRIME.png,751d53c389e74bdfb81f5c1ca600c7de69128554ccba053b032a5a776e4ba8ea,api_image_v9,1280,960
PAIR_SUD_0001_REL,PAIR_SUD_0001_REL_A;PAIR_SUD_0001_REL_B,PAIR_SUD_0001_REL,modules,pair,related,mini_sudoku,PAIR_SUD_0001_REL_A;PAIR_SUD_0001_REL_B,sequence,image_sequence_prompt_v1,collection/models/prompts/sequence_pair_transfer_image_prompt_v1.txt,collection/models/images/PAIR_SUD_0001_REL.png,6a116a3cac764ff2a7a22ed9634c9a97bbdd4c5743c7bcd66393ccb77e77368c,api_image_v9,1720,1040
PAIR_SUD_0001_CTRL,PAIR_SUD_0001_CTRL_A;PAIR_SUD_0001_CTRL_B,PAIR_SUD_0001_CTRL,modules,pair,unrelated_control,mini_sudoku,PAIR_SUD_0001_CTRL_A;PAIR_SUD_0001_CTRL_B,sequence,image_sequence_prompt_v1,collection/models/prompts/sequence_pair_transfer_image_prompt_v1.txt,collection/models/images/PAIR_SUD_0001_CTRL.png,250a7586d027d2d9552b8ecc281f74f19b879f314377764b385ea33aa1fc951b,api_image_v9,1720,1040
PAIR_SUD_0002_NO_PRIME,PAIR_SUD_0002_NO_PRIME_B,PAIR_SUD_0002_NO_PRIME,modules,pair,no_prime,mini_sudoku,PAIR_SUD_0002_NO_PRIME_B,single,image_prompt_v1,collection/models/prompts/single_puzzle_image_prompt_v1.txt,collection/models/images/PAIR_SUD_0002_NO_PRIME.png,e46d93e23689dfd90ea95cdfe7fa8e6fcc4482255d7da1a0e4a2edffa8ff6b3a,api_image_v9,1280,960
PAIR_SUD_0002_REL,PAIR_SUD_0002_REL_A;PAIR_SUD_0002_REL_B,PAIR_SUD_0002_REL,modules,pair,related,mini_sudoku,PAIR_SUD_0002_REL_A;PAIR_SUD_0002_REL_B,sequence,image_sequence_prompt_v1,collection/models/prompts/sequence_pair_transfer_image_prompt_v1.txt,collection/models/images/PAIR_SUD_0002_REL.png,5d008b513543284d5b0531fee8dc7070f97f94a568aff9acbd73a6179aaadc49,api_image_v9,1720,1040
PAIR_SUD_0002_CTRL,PAIR_SUD_0002_CTRL_A;PAIR_SUD_0002_CTRL_B,PAIR_SUD_0002_CTRL,modules,pair,unrelated_control,mini_sudoku,PAIR_SUD_0002_CTRL_A;PAIR_SUD_0002_CTRL_B,sequence,image_sequence_prompt_v1,collection/models/prompts/sequence_pair_transfer_image_prompt_v1.txt,collection/models/images/PAIR_SUD_0002_CTRL.png,780dfd8e18f581ff89adea313f497ba8de58f55cc15a270b500ff14778daaf3f,api_image_v9,1720,1040
PAIR_SUD_0003_NO_PRIME,PAIR_SUD_0003_NO_PRIME_B,PAIR_SUD_0003_NO_PRIME,modules,pair,no_prime,mini_sudoku,PAIR_SUD_0003_NO_PRIME_B,single,image_prompt_v1,collection/models/prompts/single_puzzle_image_prompt_v1.txt,collection/models/images/PAIR_SUD_0003_NO_PRIME.png,ee7007fe9bfaabeebf6135e57d9d8e0fa114a3931ddf28f5bc4cc8c6f348041b,api_image_v9,1280,960
PAIR_SUD_0003_REL,PAIR_SUD_0003_REL_A;PAIR_SUD_0003_REL_B,PAIR_SUD_0003_REL,modules,pair,related,mini_sudoku,PAIR_SUD_0003_REL_A;PAIR_SUD_0003_REL_B,sequence,image_sequence_prompt_v1,collection/models/prompts/sequence_pair_transfer_image_prompt_v1.txt,collection/models/images/PAIR_SUD_0003_REL.png,8a9cc6e3aa940bc5bccfef21a34cfbbee7ec5440ae1e5c81303b13c2febab26a,api_image_v9,1720,1040
PAIR_SUD_0003_CTRL,PAIR_SUD_0003_CTRL_A;PAIR_SUD_0003_CTRL_B,PAIR_SUD_0003_CTRL,modules,pair,unrelated_control,mini_sudoku,PAIR_SUD_0003_CTRL_A;PAIR_SUD_0003_CTRL_B,sequence,image_sequence_prompt_v1,collection/models/prompts/sequence_pair_transfer_image_prompt_v1.txt,collection/models/images/PAIR_SUD_0003_CTRL.png,befc9b56637b6be0b2cb7502986555bd8a3b54db507266725e11b306af0552f2,api_image_v9,1720,1040
PAIR_SUD_0004_NO_PRIME,PAIR_SUD_0004_NO_PRIME_B,PAIR_SUD_0004_NO_PRIME,modules,pair,no_prime,mini_sudoku,PAIR_SUD_0004_NO_PRIME_B,single,image_prompt_v1,collection/models/prompts/single_puzzle_image_prompt_v1.txt,collection/models/images/PAIR_SUD_0004_NO_PRIME.png,ad0d6cca5ff9cf2d720689477d8291c83bc0ee14939ac40329499014098e6355,api_image_v9,1280,960
PAIR_SUD_0004_REL,PAIR_SUD_0004_REL_A;PAIR_SUD_0004_REL_B,PAIR_SUD_0004_REL,modules,pair,related,mini_sudoku,PAIR_SUD_0004_REL_A;PAIR_SUD_0004_REL_B,sequence,image_sequence_prompt_v1,collection/models/prompts/sequence_pair_transfer_image_prompt_v1.txt,collection/models/images/PAIR_SUD_0004_REL.png,d116af864aa2bd11e6f65f7d8aa47203b0e7220e01f6b2cb1e468612ac22e875,api_image_v9,1720,1040
PAIR_SUD_0004_CTRL,PAIR_SUD_0004_CTRL_A;PAIR_SUD_0004_CTRL_B,PAIR_SUD_0004_CTRL,modules,pair,unrelated_control,mini_sudoku,PAIR_SUD_0004_CTRL_A;PAIR_SUD_0004_CTRL_B,sequence,image_sequence_prompt_v1,collection/models/prompts/sequence_pair_transfer_image_prompt_v1.txt,collection/models/images/PAIR_SUD_0004_CTRL.png,a2bc7435a442cde25f75aba5dea4ac55c3d95aa3567c1e83246797c9c3392ecf,api_image_v9,1720,1040
PAIR_SUD_0005_NO_PRIME,PAIR_SUD_0005_NO_PRIME_B,PAIR_SUD_0005_NO_PRIME,modules,pair,no_prime,mini_sudoku,PAIR_SUD_0005_NO_PRIME_B,single,image_prompt_v1,collection/models/prompts/single_puzzle_image_prompt_v1.txt,collection/models/images/PAIR_SUD_0005_NO_PRIME.png,11e66d7dbe5209c9f1c8bafdb755fa4a7e3f5b002d9bee4775f440b689c1301a,api_image_v9,1280,960
PAIR_SUD_0005_REL,PAIR_SUD_0005_REL_A;PAIR_SUD_0005_REL_B,PAIR_SUD_0005_REL,modules,pair,related,mini_sudoku,PAIR_SUD_0005_REL_A;PAIR_SUD_0005_REL_B,sequence,image_sequence_prompt_v1,collection/models/prompts/sequence_pair_transfer_image_prompt_v1.txt,collection/models/images/PAIR_SUD_0005_REL.png,1a1825aef4d44dbecf0903656f90c7b7184ef0236e5738e0c090c0bbd3794b54,api_image_v9,1720,1040
PAIR_SUD_0005_CTRL,PAIR_SUD_0005_CTRL_A;PAIR_SUD_0005_CTRL_B,PAIR_SUD_0005_CTRL,modules,pair,unrelated_control,mini_sudoku,PAIR_SUD_0005_CTRL_A;PAIR_SUD_0005_CTRL_B,sequence,image_sequence_prompt_v1,collection/models/prompts/sequence_pair_transfer_image_prompt_v1.txt,collection/models/images/PAIR_SUD_0005_CTRL.png,e6ee4d043dc488148c1877bf4bf1eb941c1879816a867f199f750b58cb03dd20,api_image_v9,1720,1040
TRANSFER_MS_0001_PRIME,TRANSFER_MS_0001_PRIME_A;TRANSFER_MS_0001_PRIME_B,TRANSFER_MS_0001_PRIME,modules,transfer,strategy_prime,minesweeper_lite,TRANSFER_MS_0001_PRIME_A;TRANSFER_MS_0001_PRIME_B,sequence,image_sequence_prompt_v1,collection/models/prompts/sequence_pair_transfer_image_prompt_v1.txt,collection/models/images/TRANSFER_MS_0001_PRIME.png,4f324c57d839604493790572cf6728a3a48eabf43347c1f0c38cb7bca9f5f1dd,api_image_v9,1720,1040
TRANSFER_MS_0001_ALONE,TRANSFER_MS_0001_ALONE_B,TRANSFER_MS_0001_ALONE,modules,transfer,no_prime,minesweeper_lite,TRANSFER_MS_0001_ALONE_B,single,image_prompt_v1,collection/models/prompts/single_puzzle_image_prompt_v1.txt,collection/models/images/TRANSFER_MS_0001_ALONE.png,1977867f87de7e5c953b748beb84561e3ded4652d67b63207f19ae98a4495c6c,api_image_v9,1280,960
TRANSFER_MS_0002_PRIME,TRANSFER_MS_0002_PRIME_A;TRANSFER_MS_0002_PRIME_B,TRANSFER_MS_0002_PRIME,modules,transfer,strategy_prime,minesweeper_lite,TRANSFER_MS_0002_PRIME_A;TRANSFER_MS_0002_PRIME_B,sequence,image_sequence_prompt_v1,collection/models/prompts/sequence_pair_transfer_image_prompt_v1.txt,collection/models/images/TRANSFER_MS_0002_PRIME.png,6d1b77558a939ce8bcd19a73ce6c6bb940035c7104ca39dc82c5792611009c50,api_image_v9,1720,1040
TRANSFER_MS_0002_ALONE,TRANSFER_MS_0002_ALONE_B,TRANSFER_MS_0002_ALONE,modules,transfer,no_prime,minesweeper_lite,TRANSFER_MS_0002_ALONE_B,single,image_prompt_v1,collection/models/prompts/single_puzzle_image_prompt_v1.txt,collection/models/images/TRANSFER_MS_0002_ALONE.png,3cf0fa400b4c4f3a14802f71ece898355bef2a87404bd80b92f96a1df467a333,api_image_v9,1280,960
TRANSFER_MS_0003_PRIME,TRANSFER_MS_0003_PRIME_A;TRANSFER_MS_0003_PRIME_B,TRANSFER_MS_0003_PRIME,modules,transfer,strategy_prime,minesweeper_lite,TRANSFER_MS_0003_PRIME_A;TRANSFER_MS_0003_PRIME_B,sequence,image_sequence_prompt_v1,collection/models/prompts/sequence_pair_transfer_image_prompt_v1.txt,collection/models/images/TRANSFER_MS_0003_PRIME.png,e3c590f691e805bae10dda935f80b74b6b62e251543edc35df2a6d101f1840ca,api_image_v9,1720,1040
TRANSFER_MS_0003_ALONE,TRANSFER_MS_0003_ALONE_B,TRANSFER_MS_0003_ALONE,modules,transfer,no_prime,minesweeper_lite,TRANSFER_MS_0003_ALONE_B,single,image_prompt_v1,collection/models/prompts/single_puzzle_image_prompt_v1.txt,collection/models/images/TRANSFER_MS_0003_ALONE.png,890e3bf8601a071e4d0b32f7154742d9dfc4b55ccd9ee3ca4ee43cdc7f81fef9,api_image_v9,1280,960
TRANSFER_MS_0004_PRIME,TRANSFER_MS_0004_PRIME_A;TRANSFER_MS_0004_PRIME_B,TRANSFER_MS_0004_PRIME,modules,transfer,strategy_prime,minesweeper_lite,TRANSFER_MS_0004_PRIME_A;TRANSFER_MS_0004_PRIME_B,sequence,image_sequence_prompt_v1,collection/models/prompts/sequence_pair_transfer_image_prompt_v1.txt,collection/models/images/TRANSFER_MS_0004_PRIME.png,a942df5b0085f045e3167b9f02fd003911d8a03a872b54cb405e1a92733ce1c1,api_image_v9,1720,1040
TRANSFER_MS_0004_ALONE,TRANSFER_MS_0004_ALONE_B,TRANSFER_MS_0004_ALONE,modules,transfer,no_prime,minesweeper_lite,TRANSFER_MS_0004_ALONE_B,single,image_prompt_v1,collection/models/prompts/single_puzzle_image_prompt_v1.txt,collection/models/images/TRANSFER_MS_0004_ALONE.png,ca60614d4c065cfdb92f703b99f515280fc2db72dba8b3af2bc1a73b92ad95fd,api_image_v9,1280,960
TRANSFER_MS_0005_PRIME,TRANSFER_MS_0005_PRIME_A;TRANSFER_MS_0005_PRIME_B,TRANSFER_MS_0005_PRIME,modules,transfer,strategy_prime,minesweeper_lite,TRANSFER_MS_0005_PRIME_A;TRANSFER_MS_0005_PRIME_B,sequence,image_sequence_prompt_v1,collection/models/prompts/sequence_pair_transfer_image_prompt_v1.txt,collection/models/images/TRANSFER_MS_0005_PRIME.png,5e29762872495a1e19f09fae414c86cbec88f5399de813c5d5878e285b40a1be,api_image_v9,1720,1040
TRANSFER_MS_0005_ALONE,TRANSFER_MS_0005_ALONE_B,TRANSFER_MS_0005_ALONE,modules,transfer,no_prime,minesweeper_lite,TRANSFER_MS_0005_ALONE_B,single,image_prompt_v1,collection/models/prompts/single_puzzle_image_prompt_v1.txt,collection/models/images/TRANSFER_MS_0005_ALONE.png,d681a58c376e046616939fd619d648a6fe8a8791c7ec70446f79bbab82487c17,api_image_v9,1280,960
TRANSFER_SUD_0001_PRIME,TRANSFER_SUD_0001_PRIME_A;TRANSFER_SUD_0001_PRIME_B,TRANSFER_SUD_0001_PRIME,modules,transfer,strategy_prime,mini_sudoku,TRANSFER_SUD_0001_PRIME_A;TRANSFER_SUD_0001_PRIME_B,sequence,image_sequence_prompt_v1,collection/models/prompts/sequence_pair_transfer_image_prompt_v1.txt,collection/models/images/TRANSFER_SUD_0001_PRIME.png,ed88466d5c4f5b55d240576ebaef326a0f9a8ec4021f7538648e1aca4ef3920f,api_image_v9,1720,1040
TRANSFER_SUD_0001_ALONE,TRANSFER_SUD_0001_ALONE_B,TRANSFER_SUD_0001_ALONE,modules,transfer,no_prime,mini_sudoku,TRANSFER_SUD_0001_ALONE_B,single,image_prompt_v1,collection/models/prompts/single_puzzle_image_prompt_v1.txt,collection/models/images/TRANSFER_SUD_0001_ALONE.png,af51c936459b0246d78b08a2114208f607037a366c7c346ba254d4c511a6aec8,api_image_v9,1280,960
TRANSFER_SUD_0002_PRIME,TRANSFER_SUD_0002_PRIME_A;TRANSFER_SUD_0002_PRIME_B,TRANSFER_SUD_0002_PRIME,modules,transfer,strategy_prime,mini_sudoku,TRANSFER_SUD_0002_PRIME_A;TRANSFER_SUD_0002_PRIME_B,sequence,image_sequence_prompt_v1,collection/models/prompts/sequence_pair_transfer_image_prompt_v1.txt,collection/models/images/TRANSFER_SUD_0002_PRIME.png,9652bc7a5b5652fa7ccfead5b4b12d45c58002dd68da49008a952989a5685326,api_image_v9,1720,1040
TRANSFER_SUD_0002_ALONE,TRANSFER_SUD_0002_ALONE_B,TRANSFER_SUD_0002_ALONE,modules,transfer,no_prime,mini_sudoku,TRANSFER_SUD_0002_ALONE_B,single,image_prompt_v1,collection/models/prompts/single_puzzle_image_prompt_v1.txt,collection/models/images/TRANSFER_SUD_0002_ALONE.png,8b2f0823af446f4dad439324fb4f42fc43a682dffec2f220437ab382c8d0a038,api_image_v9,1280,960
TRANSFER_SUD_0003_PRIME,TRANSFER_SUD_0003_PRIME_A;TRANSFER_SUD_0003_PRIME_B,TRANSFER_SUD_0003_PRIME,modules,transfer,strategy_prime,mini_sudoku,TRANSFER_SUD_0003_PRIME_A;TRANSFER_SUD_0003_PRIME_B,sequence,image_sequence_prompt_v1,collection/models/prompts/sequence_pair_transfer_image_prompt_v1.txt,collection/models/images/TRANSFER_SUD_0003_PRIME.png,b35e9fd656c35fa375470c33193a62cf837e72a78cc8ce3fe84f355e72e1137f,api_image_v9,1720,1040
TRANSFER_SUD_0003_ALONE,TRANSFER_SUD_0003_ALONE_B,TRANSFER_SUD_0003_ALONE,modules,transfer,no_prime,mini_sudoku,TRANSFER_SUD_0003_ALONE_B,single,image_prompt_v1,collection/models/prompts/single_puzzle_image_prompt_v1.txt,collection/models/images/TRANSFER_SUD_0003_ALONE.png,95fc84450627211b05375c9e810be6a83c5d95aac4bb91adcc5af4ec36ba3ba4,api_image_v9,1280,960
TRANSFER_SUD_0004_PRIME,TRANSFER_SUD_0004_PRIME_A;TRANSFER_SUD_0004_PRIME_B,TRANSFER_SUD_0004_PRIME,modules,transfer,strategy_prime,mini_sudoku,TRANSFER_SUD_0004_PRIME_A;TRANSFER_SUD_0004_PRIME_B,sequence,image_sequence_prompt_v1,collection/models/prompts/sequence_pair_transfer_image_prompt_v1.txt,collection/models/images/TRANSFER_SUD_0004_PRIME.png,14b9793e816eabdd0ff3733f3137528b8bc905e79466e0a6d50bbcd0d60d3fc5,api_image_v9,1720,1040
TRANSFER_SUD_0004_ALONE,TRANSFER_SUD_0004_ALONE_B,TRANSFER_SUD_0004_ALONE,modules,transfer,no_prime,mini_sudoku,TRANSFER_SUD_0004_ALONE_B,single,image_prompt_v1,collection/models/prompts/single_puzzle_image_prompt_v1.txt,collection/models/images/TRANSFER_SUD_0004_ALONE.png,10d7af0bb27fd7c411ce079b7c1219b9bbb58926d90250514483ec9e9892176a,api_image_v9,1280,960
TRANSFER_SUD_0005_PRIME,TRANSFER_SUD_0005_PRIME_A;TRANSFER_SUD_0005_PRIME_B,TRANSFER_SUD_0005_PRIME,modules,transfer,strategy_prime,mini_sudoku,TRANSFER_SUD_0005_PRIME_A;TRANSFER_SUD_0005_PRIME_B,sequence,image_sequence_prompt_v1,collection/models/prompts/sequence_pair_transfer_image_prompt_v1.txt,collection/models/images/TRANSFER_SUD_0005_PRIME.png,e9f2b44fedd1c1f7f1aa5cd133c8ae22a066b5ed254ff0ebb6d0af9acff834fe,api_image_v9,1720,1040
TRANSFER_SUD_0005_ALONE,TRANSFER_SUD_0005_ALONE_B,TRANSFER_SUD_0005_ALONE,modules,transfer,no_prime,mini_sudoku,TRANSFER_SUD_0005_ALONE_B,single,image_prompt_v1,collection/models/prompts/single_puzzle_image_prompt_v1.txt,collection/models/images/TRANSFER_SUD_0005_ALONE.png,543dac4e99f14ab94799d73855cefb73dfd2c7f91a89376747c236a5d443fb09,api_image_v9,1280,960
